Keyword,Position,Url,Top10,HTTP code BABBAR,TTFB (en ms) BABBAR,Page Value BABBAR,Page Trust BABBAR,Semantic Value BABBAR,Backlinks BABBAR,Backlinks host BABBAR,Host Outlinks BABBAR,Outlinks BABBAR
circuit en italie avec leclerc voyage,1,https://www.leclercvoyages.com/product/?pid=425558&c.desti=IT,0,200.0,394.0,55.0,,,1.0,11.0,788.0,15.0
circuit en italie avec leclerc voyage,2,https://www.leclercvoyages.com/product/?pid=601525&c.desti=IT,0,200.0,26.0,52.0,,,1.0,17.0,801.0,15.0
circuit en italie avec leclerc voyage,3,https://www.leclercvoyages.com/product/?pid=587216&c.desti=IT,0,200.0,379.0,55.0,,,1.0,14.0,801.0,15.0
circuit en italie avec leclerc voyage,4,https://www.leclercvoyages.com/product/?pid=485233&c.desti=IT,0,200.0,67.0,52.0,,,1.0,12.0,795.0,15.0
circuit en italie avec leclerc voyage,5,https://www.leclercvoyages.com/search?type=circuit-search&pageNode=mob2_circuit-search&m_c.type_voyage=circuit&m_c.desti&m_dpci&m_dd=03&m_dmy&m_aj=15&m_minMan&m_mmp&pageSize=50&pageNum=1&s_c.desti=IT,0,200.0,6125.0,,,,0.0,0.0,875.0,16.0
circuit en italie avec leclerc voyage,6,https://www.leclercvoyages.com/product/?pid=593417&c.desti=IT,1,200.0,497.0,52.0,,,1.0,1.0,803.0,15.0
circuit en italie avec leclerc voyage,7,https://www.leclercvoyages.com/product/?pid=600398&c.desti=IT,1,200.0,32.0,1.0,,,1.0,12.0,795.0,15.0
circuit en italie avec leclerc voyage,8,https://www.leclercvoyages.com/product/?pid=776515&c.desti=IT,1,200.0,86.0,,,,0.0,1.0,796.0,16.0
circuit en italie avec leclerc voyage,9,https://www.leclercvoyages.com/product/?pid=670472&c.desti=IT,1,200.0,238.0,1.0,,,1.0,7.0,801.0,15.0
circuit en italie avec leclerc voyage,10,https://www.leclercvoyages.com/product/?pid=670475&c.desti=IT,1,200.0,201.0,1.0,,,1.0,7.0,800.0,15.0
circuit en italie avec leclerc voyage,11,https://www.leclercvoyages.com/product/?pid=670462&c.desti=IT,1,200.0,90.0,0.0,,,1.0,5.0,754.0,19.0
circuit en italie avec leclerc voyage,12,https://www.leclercvoyages.com/product/?pid=666639&c.desti=IT,1,200.0,65.0,52.0,,,1.0,15.0,755.0,19.0
circuit en italie avec leclerc voyage,13,https://www.leclercvoyages.com/product/?pid=628554&c.desti=IT,1,200.0,352.0,,,,1.0,11.0,795.0,15.0
circuit en italie avec leclerc voyage,14,https://www.leclercvoyages.com/product/?pid=666641&c.desti=IT,1,200.0,200.0,1.0,,,1.0,12.0,794.0,15.0
circuit en italie avec leclerc voyage,15,https://www.leclercvoyages.com/product/?pid=770064&c.desti=IT,1,200.0,35.0,,,,1.0,8.0,800.0,15.0
circuit en italie avec leclerc voyage,16,https://www.leclercvoyages.com/product/?pid=591449&c.desti=IT,1,200.0,237.0,52.0,0.0,,1.0,12.0,802.0,15.0
circuit en italie avec leclerc voyage,17,https://www.leclercvoyages.com/product/?pid=757672&c.desti=IT,1,200.0,205.0,1.0,,,1.0,10.0,802.0,16.0
circuit en italie avec leclerc voyage,18,https://www.leclercvoyages.com/product/?pid=666640&c.desti=IT,1,200.0,409.0,,,,1.0,8.0,794.0,15.0
circuit en italie avec leclerc voyage,19,https://www.leclercvoyages.com/product/?pid=562768&c.desti=IT,1,200.0,270.0,1.0,,,1.0,11.0,795.0,15.0
circuit en italie avec leclerc voyage,20,https://www.leclercvoyages.com/product/?pid=495193&c.desti=IT,1,200.0,437.0,52.0,,,1.0,1.0,744.0,19.0
circuit en italie avec leclerc voyage,21,https://www.leclercvoyages.com/product/?pid=688107&c.desti=IT,1,200.0,190.0,,,,1.0,1.0,794.0,15.0
circuit en italie avec leclerc voyage,22,https://www.leclercvoyages.com/product/?pid=485119&c.desti=IT,1,200.0,304.0,52.0,,,1.0,5.0,795.0,15.0
circuit en italie avec leclerc voyage,23,https://www.leclercvoyages.com/product/?pid=670151&c.desti=IT.POU,1,200.0,84.0,0.0,,,0.0,12.0,756.0,19.0
circuit en italie avec leclerc voyage,24,https://www.leclercvoyages.com/product/?pid=755798&c.desti=IT.FLR,1,200.0,207.0,52.0,0.0,,1.0,12.0,790.0,15.0
circuit en italie avec leclerc voyage,25,https://www.leclercvoyages.com/product/?pid=772936&c.desti=IT,1,200.0,261.0,0.0,,,0.0,13.0,800.0,15.0
circuit en italie avec leclerc voyage,26,https://www.leclercvoyages.com/product/?pid=756038&c.desti=IT.LAC,1,200.0,221.0,1.0,0.0,,1.0,10.0,788.0,15.0
circuit en italie avec leclerc voyage,27,https://www.321voyages.com/promotions-leclerc-voyages/vente-flash-circuits-tui-et-nouvelles-frontieres,1,200.0,140.0,43.0,7.0,,0.0,3.0,78.0,9.0
circuit en italie avec leclerc voyage,28,"https://www.promovacances.com/vacances/circuit-touristique/sejour-circuit-italie/theme,/pays,125/ville,/",1,200.0,26.0,71.0,53.0,63.0,25.0,198.0,96.0,16.0
circuit en italie avec leclerc voyage,29,https://voyages.carrefour.fr/serp?s_c.site=B2C&s_c.destination=MCBM.IT&ref_c.type_produit=circuits,1,302.0,316.0,45.0,7.0,,0.0,7.0,0.0,0.0
circuit en italie avec leclerc voyage,30,https://www.oogolo.fr/voyages/nantes/italie/AI/?typeSejour=circuit&voyagiste=LE,1,,,41.0,1.0,,0.0,1.0,0.0,0.0
circuit en italie avec leclerc voyage,31,https://www.tui.fr/voyages-italie/type-circuits/,1,200.0,70.0,78.0,58.0,71.0,980.0,8880.0,142.0,21.0
circuit en italie avec leclerc voyage,32,https://www.fram.fr/,1,200.0,642.0,83.0,63.0,83.0,2857.0,16837.0,128.0,13.0
circuit en italie avec leclerc voyage,33,https://www.salaun-holidays.com/,1,200.0,349.0,79.0,47.0,79.0,3496.0,762.0,65.0,22.0
circuit en italie avec leclerc voyage,34,https://www.e.leclerc/fp/tour-d-italie-en-80-merveilles-relie-9788832912234,1,,,40.0,,,0.0,1.0,0.0,0.0
circuit en italie avec leclerc voyage,35,https://www.ovoyages.com/,1,200.0,498.0,82.0,54.0,75.0,398.0,4383.0,118.0,3.0
circuit en italie avec leclerc voyage,36,https://www.lidl-voyages.fr/accueil.html,1,200.0,23.0,84.0,62.0,82.0,96148.0,28449.0,41.0,24.0
circuit en italie avec leclerc voyage,37,https://www.selectour.com/,1,200.0,22.0,89.0,56.0,89.0,95077.0,23393.0,202.0,10.0
circuit en italie avec leclerc voyage,38,https://www.voyages-auchan.com/,1,200.0,15.0,87.0,36.0,81.0,1056.0,28036.0,104.0,5.0
circuit en italie avec leclerc voyage,39,https://www.partirdesuite.com/categorie/tout-compris/,1,200.0,629.0,76.0,28.0,64.0,18.0,2616.0,125.0,2.0
circuit en italie avec leclerc voyage,40,https://www.fti-voyages.fr/,1,200.0,452.0,69.0,54.0,65.0,51.0,2.0,72.0,7.0
condition voyage italie,2,https://it.ambafrance.org/Coronavirus-Covid-19-situation-en-Italie-10236,0,200.0,161.0,71.0,49.0,69.0,179.0,4.0,63.0,16.0
condition voyage italie,3,https://it.ambafrance.org/-Conseils-aux-voyageurs-1242-,0,,,45.0,12.0,,1.0,2.0,0.0,0.0
condition voyage italie,4,https://voyage.gc.ca/destinations/italie,0,200.0,529.0,66.0,40.0,64.0,80.0,54.0,34.0,77.0
condition voyage italie,5,https://europa.eu/youreurope/citizens/travel/travel-and-covid/italy/index_fr.htm,0,,,,,,0.0,0.0,0.0,0.0
condition voyage italie,6,https://www.tourmag.com/Voyage-Italie-quelles-conditions-d-entree_a112158.html,1,200.0,274.0,63.0,19.0,38.0,1.0,134.0,118.0,26.0
condition voyage italie,7,https://www.lechotouristique.com/article/voyage-en-italie-quelles-sont-les-formalites-dentree,1,200.0,166.0,69.0,36.0,46.0,2.0,3692.0,88.0,18.0
condition voyage italie,8,http://diplomatie.belgium.be/fr/pays/italie/voyager-en-italie-conseils-aux-voyageurs/derniere-mise-jour-et-covid-19-en-italie,1,,,72.0,22.0,,0.0,1.0,0.0,0.0
condition voyage italie,9,https://www.lefigaro.fr/voyages/italie-voyage-covid-restrictions-passe-sanitaire-20220201,1,,,57.0,11.0,59.0,18.0,2.0,0.0,0.0
condition voyage italie,10,https://www.visamundi.fr/covid/it/,1,200.0,878.0,56.0,,,0.0,3.0,54.0,9.0
condition voyage italie,11,https://partir.ouest-france.fr/italie/covid-19,1,200.0,335.0,65.0,12.0,64.0,3.0,170.0,46.0,20.0
condition voyage italie,12,https://www.rome-roma.net/coronavirus-conditions-dentree-et-prevention-en-italie/,1,200.0,2293.0,64.0,54.0,64.0,54.0,436.0,93.0,37.0
condition voyage italie,13,https://www.italie-authentique.com/agence-locale/mesures-sanitaires-coronavirus,1,200.0,818.0,67.0,22.0,,0.0,105.0,40.0,15.0
condition voyage italie,14,https://fr.euronews.com/voyages/2023/03/21/covid-quelles-sont-les-regles-pour-voyager-en-europe,1,,,55.0,33.0,,1.0,3.0,0.0,0.0
condition voyage italie,15,https://www.tcs.ch/fr/camping-voyages/informations-touristiques/news-actualites/corona/corona-italie.php,1,200.0,346.0,52.0,14.0,,2.0,52.0,152.0,33.0
condition voyage italie,16,https://sante.journaldesfemmes.fr/fiches-maladies/2608487-voyage-covid-france-regles-mai-2023-etranger/,1,,,,,,1.0,0.0,0.0,0.0
condition voyage italie,17,https://www.e-venise.com/coronavirus-covid-19-venise-italie.html,1,200.0,416.0,66.0,23.0,54.0,3.0,8.0,39.0,19.0
condition voyage italie,18,https://www.partir-a-rome.com/preparer-sejour-rome/bon-a-savoir/covid-19-rome,1,200.0,106.0,64.0,25.0,,0.0,38.0,73.0,3.0
condition voyage italie,19,https://levoyageurmasque.com/pays/partir-en-italie-covid,1,200.0,746.0,,,,0.0,0.0,0.0,0.0
condition voyage italie,20,https://www.skyscanner.fr/actualites/quand-voyager-en-italie-et-ou,1,307.0,97.0,49.0,2.0,51.0,3.0,0.0,1.0,0.0
condition voyage italie,21,https://www.trenitalia.com/trenitalia-france/information-and-contacts/situation-sanitaire.html,1,200.0,133.0,54.0,17.0,,3.0,5.0,56.0,22.0
condition voyage italie,22,https://www.geo.fr/voyage/covid-19-litalie-annonce-de-nouvelles-mesures-restrictives-pour-les-personnes-non-vaccinees-207214,1,,,67.0,29.0,52.0,1.0,68.0,0.0,0.0
condition voyage italie,23,https://www.allianz-voyage.fr/conseils-voyage/voyager-a-l-etranger/passeport-italie.html,1,200.0,38.0,58.0,28.0,,0.0,81.0,77.0,15.0
condition voyage italie,24,https://www.grimaldi-lines.com/fr/urgence-coronavirus-covid-19-informations-voyage/,1,200.0,167.0,66.0,17.0,,1.0,410.0,113.0,22.0
condition voyage italie,25,https://www.routard.com/guide/italie/653/avant_le_depart.htm,1,500.0,43.0,60.0,1.0,56.0,3.0,1.0,0.0,0.0
condition voyage italie,26,https://www.tui.be/fr/italie-corona-mesures,1,403.0,20.0,,,,1.0,0.0,0.0,0.0
condition voyage italie,27,https://www.international.gc.ca/country-pays/italy-italie/covid-19-faq.aspx?lang=fra,1,,,,,,0.0,0.0,0.0,0.0
condition voyage italie,28,https://www.voyageursdumonde.fr/voyage-sur-mesure/voyages/guide-voyage/italie/formalites,1,200.0,1123.0,37.0,6.0,,4.0,17.0,313.0,21.0
condition voyage italie,29,https://www.eda.admin.ch/eda/fr/home/laender-reise-information/italien/reisehinweise-italien.html,1,200.0,1509.0,43.0,6.0,45.0,13.0,0.0,306.0,26.0
condition voyage italie,30,https://b-italie.com/voyage-italie-covid/,1,200.0,747.0,63.0,8.0,,0.0,258.0,23.0,14.0
condition voyage italie,31,https://www.service-public.fr/particuliers/vosdroits/F35613,1,200.0,114.0,79.0,47.0,77.0,7057.0,29.0,45.0,24.0
condition voyage italie,32,https://france3-regions.francetvinfo.fr/auvergne-rhone-alpes/pass-sanitaire-test-pcr-vaccination-quelles-conditions-pour-passer-des-vacances-en-italie-2160697.html,1,,,35.0,7.0,,0.0,2.0,0.0,0.0
condition voyage italie,33,https://plfitalie.fr/,1,200.0,678.0,69.0,20.0,65.0,5.0,5.0,4.0,0.0
condition voyage italie,35,https://wwws.airfrance.fr/information/covid-19/engagement-sanitaire,1,,,68.0,54.0,60.0,18.0,7.0,0.0,0.0
condition voyage italie,36,https://wwws.airfrance.fr/information/covid-19,1,200.0,36.0,76.0,73.0,58.0,17.0,5028.0,27.0,19.0
condition voyage italie,37,https://www.easyjet.com/fr/covid-19-travel-hub/country-specific-restrictions-and-entry-requirements,1,200.0,296.0,60.0,26.0,59.0,12.0,2.0,50.0,33.0
condition voyage italie,38,https://www.kayak.fr/restrictions-de-voyage/italie,1,200.0,701.0,64.0,19.0,41.0,71.0,9.0,7.0,39.0
condition voyage italie,39,https://actu.fr/societe/coronavirus/covid-19-vacances-de-paques-voici-les-regles-pour-voyager-en-italie-espagne-portugal-et-angleterre_50049343.html,1,,,41.0,,,0.0,4.0,0.0,0.0
condition voyage italie,40,https://www.leparisien.fr/societe/covid-19-en-italie-epidemie-conditions-dentree-restrictions-le-point-pour-vos-vacances-13-07-2021-YK3JA7B3QBEHLPC5TQI6HU52NA.php,1,,,38.0,20.0,,0.0,1.0,0.0,0.0
conditions voyage italie,2,https://it.ambafrance.org/Coronavirus-Covid-19-situation-en-Italie-10236,0,200.0,161.0,71.0,49.0,69.0,179.0,4.0,63.0,16.0
conditions voyage italie,3,https://it.ambafrance.org/-Conseils-aux-voyageurs-1242-,0,,,45.0,12.0,,1.0,2.0,0.0,0.0
conditions voyage italie,4,https://voyage.gc.ca/destinations/italie,0,200.0,529.0,66.0,40.0,64.0,80.0,54.0,34.0,77.0
conditions voyage italie,5,https://europa.eu/youreurope/citizens/travel/travel-and-covid/italy/index_fr.htm,0,,,,,,0.0,0.0,0.0,0.0
conditions voyage italie,6,https://www.tourmag.com/Voyage-Italie-quelles-conditions-d-entree_a112158.html,1,200.0,274.0,63.0,19.0,38.0,1.0,134.0,118.0,26.0
conditions voyage italie,7,https://www.lechotouristique.com/article/voyage-en-italie-quelles-sont-les-formalites-dentree,1,200.0,166.0,69.0,36.0,46.0,2.0,3692.0,88.0,18.0
conditions voyage italie,8,http://diplomatie.belgium.be/fr/pays/italie/voyager-en-italie-conseils-aux-voyageurs/derniere-mise-jour-et-covid-19-en-italie,1,,,72.0,22.0,,0.0,1.0,0.0,0.0
conditions voyage italie,9,https://www.lefigaro.fr/voyages/italie-voyage-covid-restrictions-passe-sanitaire-20220201,1,,,57.0,11.0,59.0,18.0,2.0,0.0,0.0
conditions voyage italie,10,https://www.rome-roma.net/coronavirus-conditions-dentree-et-prevention-en-italie/,1,200.0,2293.0,64.0,54.0,64.0,54.0,436.0,93.0,37.0
conditions voyage italie,11,https://fr.euronews.com/voyages/2023/03/21/covid-quelles-sont-les-regles-pour-voyager-en-europe,1,,,55.0,33.0,,1.0,3.0,0.0,0.0
conditions voyage italie,12,https://www.tcs.ch/fr/camping-voyages/informations-touristiques/news-actualites/corona/corona-italie.php,1,200.0,346.0,52.0,14.0,,2.0,52.0,152.0,33.0
conditions voyage italie,13,https://sante.journaldesfemmes.fr/fiches-maladies/2608487-voyage-covid-france-regles-mai-2023-etranger/,1,,,,,,1.0,0.0,0.0,0.0
conditions voyage italie,14,https://www.allianz-voyage.fr/conseils-voyage/voyager-a-l-etranger/passeport-italie.html,1,200.0,38.0,58.0,28.0,,0.0,81.0,77.0,15.0
conditions voyage italie,15,https://www.partir-a-rome.com/preparer-sejour-rome/bon-a-savoir/covid-19-rome,1,200.0,106.0,64.0,25.0,,0.0,38.0,73.0,3.0
conditions voyage italie,16,https://b-italie.com/voyage-italie-covid/,1,200.0,747.0,63.0,8.0,,0.0,258.0,23.0,14.0
conditions voyage italie,17,https://www.trenitalia.com/trenitalia-france/information-and-contacts/situation-sanitaire.html,1,200.0,133.0,54.0,17.0,,3.0,5.0,56.0,22.0
conditions voyage italie,18,https://www.skyscanner.fr/actualites/quand-voyager-en-italie-et-ou,1,307.0,97.0,49.0,2.0,51.0,3.0,0.0,1.0,0.0
conditions voyage italie,19,https://www.geo.fr/voyage/covid-19-litalie-annonce-de-nouvelles-mesures-restrictives-pour-les-personnes-non-vaccinees-207214,1,,,67.0,29.0,52.0,1.0,68.0,0.0,0.0
conditions voyage italie,20,https://www.e-venise.com/coronavirus-covid-19-venise-italie.html,1,200.0,416.0,66.0,23.0,54.0,3.0,8.0,39.0,19.0
conditions voyage italie,21,https://www.ferryhopper.com/fr/blog/featured/italy-ferry-covid-measures,1,200.0,146.0,60.0,13.0,,0.0,175.0,28.0,16.0
conditions voyage italie,22,https://www.international.gc.ca/country-pays/italy-italie/covid-19-faq.aspx?lang=fra,1,,,,,,0.0,0.0,0.0,0.0
conditions voyage italie,23,https://apply.joinsherpa.com/travel-restrictions/ITA?affiliateId=hotelcom&language=fr,1,200.0,57.0,43.0,,45.0,1.0,0.0,0.0,0.0
conditions voyage italie,24,https://www.routard.com/guide/italie/653/avant_le_depart.htm,1,500.0,43.0,60.0,1.0,56.0,3.0,1.0,0.0,0.0
conditions voyage italie,25,https://www.tui.be/fr/italie-corona-mesures,1,403.0,20.0,,,,1.0,0.0,0.0,0.0
conditions voyage italie,26,https://www.barcelona-tourist-guide.com/fr/covid/destinations/covid-19-conditions-de-voyage-de-barcelone-a-l-italie.html,1,200.0,28.0,50.0,21.0,,0.0,6.0,51.0,11.0
conditions voyage italie,27,https://lepetitjournal.com/milan/actualites/vacances-italie-conditions-voyage-ete-307033,1,200.0,2080.0,38.0,3.0,,0.0,4.0,145.0,6.0
conditions voyage italie,28,https://www.kayak.fr/restrictions-de-voyage/italie,1,200.0,701.0,64.0,19.0,41.0,71.0,9.0,7.0,39.0
conditions voyage italie,29,https://partir.ouest-france.fr/italie/sante,1,,,45.0,7.0,,0.0,3.0,0.0,0.0
conditions voyage italie,30,https://www.service-public.fr/particuliers/vosdroits/F35613,1,200.0,114.0,79.0,47.0,77.0,7057.0,29.0,45.0,24.0
conditions voyage italie,31,https://www.voyageursdumonde.fr/voyage-sur-mesure/voyages/guide-voyage/italie/formalites,1,200.0,1123.0,37.0,6.0,,4.0,17.0,313.0,21.0
conditions voyage italie,32,https://www.francetvinfo.fr/sante/maladie/coronavirus/vaccin/covid-19-espagne-italie-portugal-le-point-sur-les-conditions-d-entree-dans-les-pays-europeens-ou-les-francais-partent-en-vacances_4713383.html,1,,,50.0,8.0,49.0,5.0,7.0,0.0,0.0
conditions voyage italie,33,https://www.cleiss.fr/particuliers/partir/vacances/italie.html,1,200.0,20.0,64.0,43.0,,0.0,9.0,19.0,5.0
conditions voyage italie,34,https://wwws.airfrance.fr/information/covid-19,1,200.0,36.0,76.0,73.0,58.0,17.0,5028.0,27.0,19.0
conditions voyage italie,35,https://www.easyjet.com/fr/covid-19-travel-hub/country-specific-restrictions-and-entry-requirements,1,200.0,296.0,60.0,26.0,59.0,12.0,2.0,50.0,33.0
conditions voyage italie,36,https://www.axa-schengen.com/fr/visa-schengen/visa-italie,1,200.0,203.0,60.0,22.0,60.0,1.0,11.0,39.0,5.0
conditions voyage italie,37,https://www.ladepeche.fr/2021/06/09/voyage-en-italie-test-pcr-certificat-vert-zones-rouges-tout-ce-quil-faut-savoir-sur-les-regles-sanitaires-dans-le-pays-9595920.php,1,,,38.0,1.0,,0.0,2.0,0.0,0.0
conditions voyage italie,38,https://www.cavalngo.com/guide-voyage/infos-pratiques-pays/details/24/96-formalites-italie.html,1,200.0,921.0,46.0,6.0,,0.0,6.0,106.0,6.0
conditions voyage italie,39,https://www.linternaute.com/voyage/europe/2499189-voyage-en-italie-fin-de-l-etat-d-urgence-le-31-mars-infos-et-conditions-d-entree/,1,,,36.0,6.0,,7.0,7.0,0.0,0.0
covid italie voyage,2,https://it.ambafrance.org/Coronavirus-Covid-19-situation-en-Italie-10236,0,200.0,161.0,71.0,49.0,69.0,179.0,4.0,63.0,16.0
covid italie voyage,3,https://it.ambafrance.org/-Conseils-aux-voyageurs-1242-,0,,,45.0,12.0,,1.0,2.0,0.0,0.0
covid italie voyage,4,https://voyage.gc.ca/destinations/italie,0,200.0,529.0,66.0,40.0,64.0,80.0,54.0,34.0,77.0
covid italie voyage,5,https://europa.eu/youreurope/citizens/travel/travel-and-covid/italy/index_fr.htm,0,,,,,,0.0,0.0,0.0,0.0
covid italie voyage,6,https://fr.euronews.com/voyages/2023/03/21/covid-quelles-sont-les-regles-pour-voyager-en-europe,1,,,55.0,33.0,,1.0,3.0,0.0,0.0
covid italie voyage,7,https://partir.ouest-france.fr/italie/covid-19,1,200.0,335.0,65.0,12.0,64.0,3.0,170.0,46.0,20.0
covid italie voyage,8,https://www.lechotouristique.com/article/voyage-en-italie-quelles-sont-les-formalites-dentree,1,200.0,166.0,69.0,36.0,46.0,2.0,3692.0,88.0,18.0
covid italie voyage,9,https://www.tourmag.com/Voyage-Italie-quelles-conditions-d-entree_a112158.html,1,200.0,274.0,63.0,19.0,38.0,1.0,134.0,118.0,26.0
covid italie voyage,10,http://diplomatie.belgium.be/fr/pays/italie/voyager-en-italie-conseils-aux-voyageurs/derniere-mise-jour-et-covid-19-en-italie,1,,,72.0,22.0,,0.0,1.0,0.0,0.0
covid italie voyage,11,https://www.lefigaro.fr/voyages/italie-voyage-covid-restrictions-passe-sanitaire-20220201,1,,,57.0,11.0,59.0,18.0,2.0,0.0,0.0
covid italie voyage,12,https://www.tcs.ch/fr/camping-voyages/informations-touristiques/news-actualites/corona/corona-italie.php,1,200.0,346.0,52.0,14.0,,2.0,52.0,152.0,33.0
covid italie voyage,13,https://www.assurance-voyage.axa-assistance.fr/conseils-infos/informations-pays/assurance-voyage-italie,1,200.0,189.0,62.0,28.0,,1.0,152.0,80.0,8.0
covid italie voyage,14,https://www.eda.admin.ch/eda/fr/home/laender-reise-information/italien/reisehinweise-italien.html,1,200.0,1509.0,43.0,6.0,45.0,13.0,0.0,306.0,26.0
covid italie voyage,15,https://sante.journaldesfemmes.fr/fiches-maladies/2608487-voyage-covid-france-regles-mai-2023-etranger/,1,,,,,,1.0,0.0,0.0,0.0
covid italie voyage,17,https://www.italie-authentique.com/agence-locale/mesures-sanitaires-coronavirus,1,200.0,818.0,67.0,22.0,,0.0,105.0,40.0,15.0
covid italie voyage,18,https://www.allianz-voyage.fr/destinations/assurance-voyage-italie.html,1,200.0,94.0,58.0,39.0,,0.0,16.0,72.0,12.0
covid italie voyage,19,https://www.international.gc.ca/country-pays/italy-italie/index.aspx?lang=fra,1,,,75.0,10.0,76.0,86.0,1.0,0.0,0.0
covid italie voyage,20,https://www.trenitalia.com/trenitalia-france/information-and-contacts/situation-sanitaire.html,1,200.0,133.0,54.0,17.0,,3.0,5.0,56.0,22.0
covid italie voyage,21,https://www.kayak.fr/restrictions-de-voyage/italie,1,200.0,701.0,64.0,19.0,41.0,71.0,9.0,7.0,39.0
covid italie voyage,22,https://www.routard.com/mag_info/italie.htm,1,500.0,92.0,,,,2.0,0.0,0.0,0.0
covid italie voyage,23,https://www.pasteur.fr/fr/centre-medical/preparer-son-voyage/italie,1,200.0,1772.0,59.0,32.0,58.0,5.0,1962.0,1605.0,23.0
covid italie voyage,24,https://apply.joinsherpa.com/travel-restrictions/ITA?language=fr-CA&originCountry=CAN&nationality=CAN&fullyVaccinated=false&affiliateId=sherpa,1,200.0,47.0,,,,0.0,0.0,0.0,0.0
covid italie voyage,25,https://www.partir-a-rome.com/preparer-sejour-rome/bon-a-savoir/covid-19-rome,1,200.0,106.0,64.0,25.0,,0.0,38.0,73.0,3.0
covid italie voyage,26,https://www.mije.com/webinaires/voyage-scolaire-en-italie/covid,1,200.0,107.0,43.0,9.0,,0.0,4.0,84.0,5.0
covid italie voyage,27,https://www.e-venise.com/coronavirus-covid-19-venise-italie.html,1,200.0,416.0,66.0,23.0,54.0,3.0,8.0,39.0,19.0
covid italie voyage,28,https://www.tui.be/fr/italie-corona-mesures,1,403.0,20.0,,,,1.0,0.0,0.0,0.0
covid italie voyage,29,https://www.moorings.fr/covid19/conseils-aux-voyageurs/italie/sardaigne,1,200.0,2296.0,43.0,12.0,,0.0,2.0,72.0,13.0
covid italie voyage,30,https://www.parisaeroport.fr/passagers/les-vols/covid-19-voyager-en-toute-securite,1,200.0,182.0,75.0,61.0,,0.0,1091.0,103.0,12.0
covid italie voyage,31,https://www.tourdumondiste.com/coronavirus-dans-quels-pays-peut-on-voyager,1,200.0,915.0,76.0,38.0,76.0,1123.0,508.0,70.0,361.0
covid italie voyage,32,https://www.grimaldi-lines.com/fr/urgence-coronavirus-covid-19-informations-voyage/,1,200.0,167.0,66.0,17.0,,1.0,410.0,113.0,22.0
covid italie voyage,33,https://www.service-public.fr/particuliers/vosdroits/F35613,1,200.0,114.0,79.0,47.0,77.0,7057.0,29.0,45.0,24.0
covid italie voyage,34,https://wwws.airfrance.fr/information/covid-19,1,200.0,36.0,76.0,73.0,58.0,17.0,5028.0,27.0,19.0
covid italie voyage,35,https://www.europ-assistance.fr/fr/conseils/quelle-assurance-pour-un-voyage-en-italie,1,200.0,126.0,58.0,,60.0,1.0,0.0,0.0,0.0
covid italie voyage,36,https://www.tripadvisor.fr/ShowTopic-g187768-i20-k13811132-Covid-Italy.html,1,,,,,,0.0,0.0,0.0,0.0
covid italie voyage,37,https://www.geo.fr/voyage/covid-19-litalie-annonce-de-nouvelles-mesures-restrictives-pour-les-personnes-non-vaccinees-207214,1,,,67.0,29.0,52.0,1.0,68.0,0.0,0.0
covid italie voyage,38,https://www.buchard.ch/faq/covid/,1,0.0,0.0,,,,0.0,0.0,0.0,0.0
covid italie voyage,39,https://fr.ivisa.com/italy-schengen-visa,1,200.0,1366.0,70.0,53.0,,9.0,12.0,25.0,21.0
covid italie voyage,40,https://www.easyjet.com/fr/covid-19-travel-hub/country-specific-restrictions-and-entry-requirements,1,200.0,296.0,60.0,26.0,59.0,12.0,2.0,50.0,33.0
italie covid voyage,2,https://it.ambafrance.org/Coronavirus-Covid-19-situation-en-Italie-10236,0,200.0,161.0,71.0,49.0,69.0,179.0,4.0,63.0,16.0
italie covid voyage,3,https://it.ambafrance.org/-Conseils-aux-voyageurs-1242-,0,,,45.0,12.0,,1.0,2.0,0.0,0.0
italie covid voyage,4,https://voyage.gc.ca/destinations/italie,0,200.0,529.0,66.0,40.0,64.0,80.0,54.0,34.0,77.0
italie covid voyage,5,https://europa.eu/youreurope/citizens/travel/travel-and-covid/italy/index_fr.htm,0,,,,,,0.0,0.0,0.0,0.0
italie covid voyage,6,https://fr.euronews.com/voyages/2023/03/21/covid-quelles-sont-les-regles-pour-voyager-en-europe,1,,,55.0,33.0,,1.0,3.0,0.0,0.0
italie covid voyage,7,https://partir.ouest-france.fr/italie/covid-19,1,200.0,335.0,65.0,12.0,64.0,3.0,170.0,46.0,20.0
italie covid voyage,8,https://www.lechotouristique.com/article/voyage-en-italie-quelles-sont-les-formalites-dentree,1,200.0,166.0,69.0,36.0,46.0,2.0,3692.0,88.0,18.0
italie covid voyage,9,https://www.tourmag.com/Voyage-Italie-quelles-conditions-d-entree_a112158.html,1,200.0,274.0,63.0,19.0,38.0,1.0,134.0,118.0,26.0
italie covid voyage,10,http://diplomatie.belgium.be/fr/pays/italie/voyager-en-italie-conseils-aux-voyageurs/derniere-mise-jour-et-covid-19-en-italie,1,,,72.0,22.0,,0.0,1.0,0.0,0.0
italie covid voyage,11,https://levoyageurmasque.com/pays/partir-en-italie-covid,1,200.0,746.0,,,,0.0,0.0,0.0,0.0
italie covid voyage,12,https://www.lefigaro.fr/voyages/italie-voyage-covid-restrictions-passe-sanitaire-20220201,1,,,57.0,11.0,59.0,18.0,2.0,0.0,0.0
italie covid voyage,13,https://sante.journaldesfemmes.fr/fiches-maladies/2608487-voyage-covid-france-regles-mai-2023-etranger/,1,,,,,,1.0,0.0,0.0,0.0
italie covid voyage,14,https://www.tcs.ch/fr/camping-voyages/informations-touristiques/news-actualites/corona/corona-italie.php,1,200.0,346.0,52.0,14.0,,2.0,52.0,152.0,33.0
italie covid voyage,15,https://www.tripadvisor.fr/ShowTopic-g187768-i20-k13811132-Covid-Italy.html,1,,,,,,0.0,0.0,0.0,0.0
italie covid voyage,16,https://www.trenitalia.com/trenitalia-france/information-and-contacts/situation-sanitaire.html,1,200.0,133.0,54.0,17.0,,3.0,5.0,56.0,22.0
italie covid voyage,17,https://www.eda.admin.ch/eda/fr/home/laender-reise-information/italien/reisehinweise-italien.html,1,200.0,1509.0,43.0,6.0,45.0,13.0,0.0,306.0,26.0
italie covid voyage,18,https://www.kayak.fr/restrictions-de-voyage/italie,1,200.0,701.0,64.0,19.0,41.0,71.0,9.0,7.0,39.0
italie covid voyage,19,https://www.pasteur.fr/fr/centre-medical/preparer-son-voyage/italie,1,200.0,1772.0,59.0,32.0,58.0,5.0,1962.0,1605.0,23.0
italie covid voyage,21,https://www.partir-a-rome.com/preparer-sejour-rome/bon-a-savoir/covid-19-rome,1,200.0,106.0,64.0,25.0,,0.0,38.0,73.0,3.0
italie covid voyage,22,https://apply.joinsherpa.com/travel-restrictions/ITA?language=fr-CA&originCountry=CAN&nationality=CAN&fullyVaccinated=false&affiliateId=sherpa,1,200.0,47.0,,,,0.0,0.0,0.0,0.0
italie covid voyage,23,https://www.mije.com/webinaires/voyage-scolaire-en-italie/covid,1,200.0,107.0,43.0,9.0,,0.0,4.0,84.0,5.0
italie covid voyage,24,https://www.routard.com/mag_info/italie.htm,1,500.0,92.0,,,,2.0,0.0,0.0,0.0
italie covid voyage,25,https://www.tui.be/fr/italie-corona-mesures,1,403.0,20.0,,,,1.0,0.0,0.0,0.0
italie covid voyage,26,https://www.geo.fr/voyage/covid-19-litalie-annonce-de-nouvelles-mesures-restrictives-pour-les-personnes-non-vaccinees-207214,1,,,67.0,29.0,52.0,1.0,68.0,0.0,0.0
italie covid voyage,27,https://www.assurance-voyage.axa-assistance.fr/conseils-infos/informations-pays/assurance-voyage-italie,1,200.0,189.0,62.0,28.0,,1.0,152.0,80.0,8.0
italie covid voyage,28,https://www.e-venise.com/coronavirus-covid-19-venise-italie.html,1,200.0,416.0,66.0,23.0,54.0,3.0,8.0,39.0,19.0
italie covid voyage,29,https://b-italie.com/voyage-italie-covid/,1,200.0,747.0,63.0,8.0,,0.0,258.0,23.0,14.0
italie covid voyage,30,https://www.parisaeroport.fr/passagers/les-vols/covid-19-voyager-en-toute-securite,1,200.0,182.0,75.0,61.0,,0.0,1091.0,103.0,12.0
italie covid voyage,31,https://www.moorings.fr/covid19/conseils-aux-voyageurs/italie/sardaigne,1,200.0,2296.0,43.0,12.0,,0.0,2.0,72.0,13.0
italie covid voyage,32,https://www.barcelona-tourist-guide.com/fr/covid/destinations/covid-19-conditions-de-voyage-de-barcelone-a-l-italie.html,1,200.0,28.0,50.0,21.0,,0.0,6.0,51.0,11.0
italie covid voyage,33,https://www.allianz-voyage.fr/destinations/assurance-voyage-italie.html,1,200.0,94.0,58.0,39.0,,0.0,16.0,72.0,12.0
italie covid voyage,34,https://fr.ivisa.com/italy-schengen-visa,1,200.0,1366.0,70.0,53.0,,9.0,12.0,25.0,21.0
italie covid voyage,35,https://wwws.airfrance.fr/information/covid-19,1,200.0,36.0,76.0,73.0,58.0,17.0,5028.0,27.0,19.0
italie covid voyage,36,https://www.service-public.fr/particuliers/vosdroits/F35613,1,200.0,114.0,79.0,47.0,77.0,7057.0,29.0,45.0,24.0
italie covid voyage,37,https://www.buchard.ch/faq/covid/,1,0.0,0.0,,,,0.0,0.0,0.0,0.0
italie covid voyage,38,https://www.italie-authentique.com/bynativ/assurance,1,200.0,872.0,67.0,22.0,,0.0,105.0,41.0,2.0
italie covid voyage,39,https://plfitalie.fr/,1,200.0,678.0,69.0,20.0,65.0,5.0,5.0,4.0,0.0
italie covid voyage,40,https://www.tourdumondiste.com/coronavirus-dans-quels-pays-peut-on-voyager,1,200.0,915.0,76.0,38.0,76.0,1123.0,508.0,70.0,361.0
italie voyage,1,https://www.leclercvoyages.com/search?m_c.desti=IT,0,200.0,87.0,75.0,27.0,47.0,14.0,65900.0,867.0,15.0
italie voyage,2,https://www.fram.fr/italie/sejour-vacances-voyage-italie-pas-cher-2/,0,200.0,653.0,75.0,44.0,73.0,369.0,2302.0,121.0,11.0
italie voyage,3,https://www.maisonsduvoyage.com/europe/italie,0,200.0,152.0,82.0,68.0,69.0,42.0,10095.0,252.0,4.0
italie voyage,5,https://www.routard.com/guide/code_dest/italie.htm,0,500.0,1089.0,69.0,16.0,63.0,36.0,797.0,0.0,0.0
italie voyage,6,https://www.promovacances.com/vacances-sejour-hotel/voyage-italie/,1,200.0,87.0,75.0,43.0,66.0,73.0,5697.0,97.0,18.0
italie voyage,7,https://www.fr.lastminute.com/sejour/it_italie,1,,,,,,0.0,0.0,0.0,0.0
italie voyage,8,https://www.comptoirdesvoyages.fr/voyage-pays/italie/ita,1,200.0,182.0,82.0,42.0,66.0,14.0,8759.0,173.0,0.0
italie voyage,9,https://www.voyageursdumonde.fr/voyage-sur-mesure/recherche-voyage/voyage-italie,1,200.0,973.0,81.0,45.0,65.0,36.0,17103.0,315.0,23.0
italie voyage,10,https://voyages.carrefour.fr/accueil/sejour-etranger/europe/italie,1,302.0,313.0,47.0,11.0,,0.0,9.0,0.0,0.0
italie voyage,11,https://www.lidl-voyages.fr/serp.html?s_c.PRODUCT_TYPE=SEJOUR&s_c.DEST=ITA,1,200.0,20.0,62.0,18.0,60.0,1.0,53.0,45.0,17.0
italie voyage,12,https://www.lidl-voyages.fr/serp.html?s_c.DEST=ITA,1,200.0,23.0,65.0,18.0,63.0,2.0,353.0,61.0,17.0
italie voyage,13,https://www.tui.fr/voyage-italie/,1,200.0,70.0,78.0,59.0,71.0,1329.0,9821.0,144.0,21.0
italie voyage,14,https://www.tui.fr/voyages-italie/type-sejours/,1,200.0,39.0,79.0,58.0,71.0,976.0,8865.0,138.0,21.0
italie voyage,15,https://www.voyagespirates.fr/destinations/italie,1,200.0,445.0,78.0,29.0,65.0,2225.0,3157.0,100.0,35.0
italie voyage,16,https://it.ambafrance.org/-Conseils-aux-voyageurs-1242-,1,,,45.0,12.0,,1.0,2.0,0.0,0.0
italie voyage,17,https://www.evaneos.fr/italie/,1,200.0,180.0,75.0,31.0,64.0,3441.0,3868.0,171.0,16.0
italie voyage,18,https://www.voyage-prive.com/offres/voyage-en-italie,1,200.0,378.0,78.0,48.0,58.0,10.0,31436.0,173.0,16.0
italie voyage,19,https://www.clubmed.fr/d/europe/italie,1,200.0,394.0,75.0,54.0,,0.0,2622.0,155.0,19.0
italie voyage,20,https://www.smartbox.com/fr/voyage-en-italie/,1,200.0,2136.0,59.0,2.0,,0.0,13.0,219.0,2.0
italie voyage,21,https://www.sncf-connect.com/tgv-inoui-italie,1,403.0,41.0,68.0,35.0,69.0,609.0,164.0,0.0,0.0
italie voyage,22,https://www.selectour.com/italie,1,200.0,19.0,75.0,27.0,,0.0,686.0,26.0,9.0
italie voyage,23,https://voyage.gc.ca/destinations/italie,1,200.0,529.0,66.0,40.0,64.0,80.0,54.0,34.0,77.0
italie voyage,24,https://www.expedia.fr/Italie.d86.Reservation-Sejours-Voyages,1,403.0,0.0,64.0,22.0,,41.0,33.0,0.0,0.0
italie voyage,25,https://www.myluxurytravel.fr/voyages/sejour-italie/,1,200.0,2117.0,70.0,20.0,55.0,2.0,893.0,111.0,15.0
italie voyage,26,https://www.donatello.fr/,1,200.0,2246.0,73.0,33.0,65.0,1443.0,563.0,65.0,1.0
italie voyage,27,https://www.marcovasco.fr/europe/italie/,1,200.0,151.0,78.0,62.0,60.0,38.0,1392.0,61.0,0.0
italie voyage,28,https://www.italie-authentique.com/,1,200.0,13.0,67.0,24.0,61.0,19.0,103.0,54.0,6.0
italie voyage,29,https://www.partir.com/Italie/,1,200.0,143.0,67.0,21.0,52.0,6.0,455.0,19.0,8.0
italie voyage,30,https://www.fti-voyages.fr/top-destinations/voyage-en-italie,1,200.0,475.0,62.0,36.0,,0.0,331.0,82.0,8.0
italie voyage,31,https://www.clio.fr/voyages_culturels/italie.php,1,200.0,140.0,74.0,45.0,,0.0,3222.0,114.0,6.0
italie voyage,32,https://www.lefigaro.fr/voyages/dossier/selection-italie,1,200.0,26.0,38.0,24.0,,8.0,4.0,151.0,154.0
italie voyage,33,https://www.cercledesvoyages.com/pays/italie/,1,200.0,86.0,78.0,45.0,77.0,121.0,5485.0,317.0,6.0
italie voyage,34,https://www.artsetvie.com/destination/europe/italie-sauf-sicile.html,1,200.0,2004.0,74.0,29.0,69.0,261.0,3294.0,182.0,4.0
italie voyage,35,https://www.geo.fr/destinations/italie,1,200.0,1568.0,85.0,49.0,86.0,112678.0,18990.0,50.0,25.0
italie voyage,36,https://www.pretapartir.fr/italie/,1,200.0,90.0,78.0,29.0,,0.0,9429.0,101.0,4.0
italie voyage,37,https://www.voyage-italie.fr/,1,200.0,220.0,79.0,34.0,66.0,61.0,62983.0,26.0,3.0
italie voyage,38,https://gallica.bnf.fr/dossiers/html/dossiers/VoyagesEnItalie/,1,200.0,26.0,63.0,23.0,54.0,7.0,1.0,0.0,0.0
italie voyage,39,"https://www.salaun-holidays.com/recherche-voyages,italie-0-93-0-0.html",1,200.0,366.0,62.0,25.0,54.0,4.0,117.0,50.0,23.0
italie voyage,40,https://www.terdav.com/ps-italie/tp-circuit-accompagne,1,200.0,548.0,65.0,38.0,,0.0,19.0,117.0,2.0
italie voyage covid,2,https://it.ambafrance.org/Coronavirus-Covid-19-situation-en-Italie-10236,0,200.0,161.0,71.0,49.0,69.0,179.0,4.0,63.0,16.0
italie voyage covid,3,https://it.ambafrance.org/-Conseils-aux-voyageurs-1242-,0,,,45.0,12.0,,1.0,2.0,0.0,0.0
italie voyage covid,4,https://voyage.gc.ca/destinations/italie,0,200.0,529.0,66.0,40.0,64.0,80.0,54.0,34.0,77.0
italie voyage covid,5,https://europa.eu/youreurope/citizens/travel/travel-and-covid/italy/index_fr.htm,0,,,,,,0.0,0.0,0.0,0.0
italie voyage covid,6,https://partir.ouest-france.fr/italie/covid-19,1,200.0,335.0,65.0,12.0,64.0,3.0,170.0,46.0,20.0
italie voyage covid,7,https://fr.euronews.com/voyages/2023/03/21/covid-quelles-sont-les-regles-pour-voyager-en-europe,1,,,55.0,33.0,,1.0,3.0,0.0,0.0
italie voyage covid,8,https://www.lechotouristique.com/article/voyage-en-italie-quelles-sont-les-formalites-dentree,1,200.0,166.0,69.0,36.0,46.0,2.0,3692.0,88.0,18.0
italie voyage covid,9,https://www.tourmag.com/Voyage-Italie-quelles-conditions-d-entree_a112158.html,1,200.0,274.0,63.0,19.0,38.0,1.0,134.0,118.0,26.0
italie voyage covid,10,http://diplomatie.belgium.be/fr/pays/italie/voyager-en-italie-conseils-aux-voyageurs/derniere-mise-jour-et-covid-19-en-italie,1,,,72.0,22.0,,0.0,1.0,0.0,0.0
italie voyage covid,11,https://www.lefigaro.fr/voyages/italie-voyage-covid-restrictions-passe-sanitaire-20220201,1,,,57.0,11.0,59.0,18.0,2.0,0.0,0.0
italie voyage covid,12,https://sante.journaldesfemmes.fr/fiches-maladies/2608487-voyage-covid-france-regles-mai-2023-etranger/,1,,,,,,1.0,0.0,0.0,0.0
italie voyage covid,13,https://www.eda.admin.ch/eda/fr/home/laender-reise-information/italien/reisehinweise-italien.html,1,200.0,1509.0,43.0,6.0,45.0,13.0,0.0,306.0,26.0
italie voyage covid,14,https://www.tcs.ch/fr/camping-voyages/informations-touristiques/news-actualites/corona/corona-italie.php,1,200.0,346.0,52.0,14.0,,2.0,52.0,152.0,33.0
italie voyage covid,15,https://www.italie-authentique.com/agence-locale/mesures-sanitaires-coronavirus,1,200.0,818.0,67.0,22.0,,0.0,105.0,40.0,15.0
italie voyage covid,16,https://www.allianz-voyage.fr/destinations/assurance-voyage-italie.html,1,200.0,94.0,58.0,39.0,,0.0,16.0,72.0,12.0
italie voyage covid,17,https://www.e-venise.com/coronavirus-covid-19-venise-italie.html,1,200.0,416.0,66.0,23.0,54.0,3.0,8.0,39.0,19.0
italie voyage covid,18,https://www.partir-a-rome.com/preparer-sejour-rome/bon-a-savoir/covid-19-rome,1,200.0,106.0,64.0,25.0,,0.0,38.0,73.0,3.0
italie voyage covid,19,https://www.kayak.fr/restrictions-de-voyage/italie,1,200.0,701.0,64.0,19.0,41.0,71.0,9.0,7.0,39.0
italie voyage covid,20,https://apply.joinsherpa.com/travel-restrictions/ITA?language=fr-CA&originCountry=CAN&nationality=CAN&fullyVaccinated=false&affiliateId=sherpa,1,200.0,47.0,,,,0.0,0.0,0.0,0.0
italie voyage covid,21,https://www.tripadvisor.fr/ShowTopic-g187768-i20-k13811132-Covid-Italy.html,1,,,,,,0.0,0.0,0.0,0.0
italie voyage covid,22,https://www.pasteur.fr/fr/centre-medical/preparer-son-voyage/italie,1,200.0,1772.0,59.0,32.0,58.0,5.0,1962.0,1605.0,23.0
italie voyage covid,23,https://www.routard.com/mag_info/italie.htm,1,500.0,92.0,,,,2.0,0.0,0.0,0.0
italie voyage covid,24,https://www.trenitalia.com/trenitalia-france/information-and-contacts/situation-sanitaire.html,1,200.0,133.0,54.0,17.0,,3.0,5.0,56.0,22.0
italie voyage covid,25,https://www.tui.be/fr/italie-corona-mesures,1,403.0,20.0,,,,1.0,0.0,0.0,0.0
italie voyage covid,26,https://www.mije.com/webinaires/voyage-scolaire-en-italie/covid,1,200.0,107.0,43.0,9.0,,0.0,4.0,84.0,5.0
italie voyage covid,27,https://www.moorings.fr/covid19/conseils-aux-voyageurs/italie/sardaigne,1,200.0,2296.0,43.0,12.0,,0.0,2.0,72.0,13.0
italie voyage covid,28,http://terra-italia.fr/actualites-covid-19-italie,1,301.0,22.0,61.0,44.0,,0.0,86.0,1.0,0.0
italie voyage covid,29,https://www.assurance-voyage.axa-assistance.fr/conseils-infos/informations-pays/assurance-voyage-italie,1,200.0,189.0,62.0,28.0,,1.0,152.0,80.0,8.0
italie voyage covid,30,https://www.rome-roma.net/coronavirus-conditions-dentree-et-prevention-en-italie/,1,200.0,2293.0,64.0,54.0,64.0,54.0,436.0,93.0,37.0
italie voyage covid,32,https://www.tourdumondiste.com/coronavirus-dans-quels-pays-peut-on-voyager,1,200.0,915.0,76.0,38.0,76.0,1123.0,508.0,70.0,361.0
italie voyage covid,33,https://www.geo.fr/voyage/covid-19-litalie-annonce-de-nouvelles-mesures-restrictives-pour-les-personnes-non-vaccinees-207214,1,,,67.0,29.0,52.0,1.0,68.0,0.0,0.0
italie voyage covid,34,https://fr.ivisa.com/italy-schengen-visa,1,200.0,1366.0,70.0,53.0,,9.0,12.0,25.0,21.0
italie voyage covid,35,https://www.buchard.ch/faq/covid/,1,0.0,0.0,,,,0.0,0.0,0.0,0.0
italie voyage covid,36,https://www.barcelona-tourist-guide.com/fr/covid/destinations/covid-19-conditions-de-voyage-de-barcelone-a-l-italie.html,1,200.0,28.0,50.0,21.0,,0.0,6.0,51.0,11.0
italie voyage covid,37,https://www.service-public.fr/particuliers/vosdroits/F35613,1,200.0,114.0,79.0,47.0,77.0,7057.0,29.0,45.0,24.0
italie voyage covid,38,https://actu.fr/societe/coronavirus/vacances-espagne-italie-etats-unis-quelles-restrictions-liees-au-covid-19_59373363.html,1,,,,,,0.0,0.0,0.0,0.0
italie voyage covid,39,https://www.europ-assistance.fr/fr/conseils/quelle-assurance-pour-un-voyage-en-italie,1,200.0,126.0,58.0,,60.0,1.0,0.0,0.0,0.0
italie voyage covid,40,https://www.parisaeroport.fr/passagers/les-vols/covid-19-voyager-en-toute-securite,1,200.0,182.0,75.0,61.0,,0.0,1091.0,103.0,12.0
lilicub voyage en italie,1,https://www.youtube.com/watch?v=bse02AUNP_o,0,,,65.0,25.0,66.0,114.0,0.0,0.0,0.0
lilicub voyage en italie,2,https://www.youtube.com/watch?v=Yo31_hT-e6A,0,,,55.0,0.0,56.0,1.0,0.0,0.0,0.0
lilicub voyage en italie,3,https://www.youtube.com/watch?v=_S0SYGGbnvw,0,,,,,,0.0,0.0,0.0,0.0
lilicub voyage en italie,4,https://www.youtube.com/watch?v=ljT0GghJgf4,0,,,,,,0.0,0.0,0.0,0.0
lilicub voyage en italie,5,https://www.youtube.com/watch?v=BKPURw3Tids,0,,,,,,0.0,0.0,0.0,0.0
lilicub voyage en italie,6,https://www.youtube.com/watch?v=Fs-iG3-asSQ,1,,,,,,0.0,0.0,0.0,0.0
lilicub voyage en italie,7,https://www.paroles.net/lilicub/paroles-voyage-en-italie,1,200.0,46.0,51.0,13.0,50.0,1.0,2.0,93.0,2.0
lilicub voyage en italie,8,https://fr.wikipedia.org/wiki/Lilicub,1,,,57.0,14.0,57.0,36.0,0.0,0.0,0.0
lilicub voyage en italie,9,https://www.dailymotion.com/video/x37ineq,1,,,,,,0.0,0.0,0.0,0.0
lilicub voyage en italie,10,https://www.nostalgie.fr/artistes/lilicub/biographie,1,200.0,191.0,60.0,6.0,,0.0,10.0,44.0,17.0
lilicub voyage en italie,11,https://madameleheron.wixsite.com/education-musicale/voyageenitalie,1,,,54.0,1.0,,0.0,4.0,0.0,0.0
lilicub voyage en italie,12,https://www.live-actu.com/2021/07/04/21-juin-le-duo-clip-voyage-en-italie/,1,0.0,0.0,53.0,4.0,,0.0,5.0,0.0,0.0
lilicub voyage en italie,13,https://www.les-editions-du-hibou.com/product-page/voyage-en-italie-lilicub,1,0.0,0.0,,,,0.0,1.0,0.0,0.0
lilicub voyage en italie,14,https://mytaratata.com/taratata/121/lilicub-voyage-en-italie-1996,1,200.0,245.0,57.0,12.0,,0.0,3.0,5.0,0.0
lilicub voyage en italie,15,https://www.fnac.com/a647872/Lilicub-Voyage-en-Italie-CD-single,1,,,,,,0.0,0.0,0.0,0.0
lilicub voyage en italie,16,https://fr.shopping.rakuten.com/offer/buy/926049/Lilicub-Voyage-En-Italie-CD-Single.html,1,,,,,,0.0,0.0,0.0,0.0
lilicub voyage en italie,17,https://www.deltafm.fr/zik-et-news/un-tube-une-histoire-519/,1,200.0,1977.0,48.0,0.0,,0.0,9.0,50.0,18.0
lilicub voyage en italie,18,https://genius.com/Lilicub-voyage-en-italie-lyrics,1,,,,,,0.0,0.0,0.0,0.0
lilicub voyage en italie,19,https://www.momox-shop.fr/lilicub-voyage-en-italie-audio-cd-M0B00D9QBSNU.html,1,,,42.0,,,0.0,1.0,0.0,0.0
lilicub voyage en italie,20,https://www.topaccords.com/partition/lilicub/voyage-en-italie,1,403.0,98.0,,,,0.0,0.0,0.0,0.0
lilicub voyage en italie,21,https://www.coup-de-vieux.fr/lilicub-voyage-en-italie/,1,0.0,0.0,59.0,23.0,,0.0,10.0,0.0,0.0
lilicub voyage en italie,22,https://www.facebook.com/100pourcentfrance/videos/lilicub-voyage-en-italie-1996/544141843253096/,1,,,,,,,,,
lilicub voyage en italie,23,https://www.amazon.fr/Voyage-en-Italie-Lilicub/dp/B006NJVYKM,1,,,,,,0.0,0.0,0.0,0.0
lilicub voyage en italie,24,https://open.spotify.com/track/6jW51hToGetWFEc5KP57nA,1,,,,,,2.0,0.0,0.0,0.0
lilicub voyage en italie,25,https://www.last.fm/fr/music/Lilicub/_/Voyage+En+Italie,1,,,40.0,,,0.0,1.0,0.0,0.0
lilicub voyage en italie,26,https://www.discogs.com/fr/release/2554116-Lilicub-Voyage-En-Italie,1,,,,,,0.0,0.0,0.0,0.0
lilicub voyage en italie,27,https://www.allformusic.fr/lilicub/voyage-en-italie-single,1,,,48.0,0.0,,0.0,3.0,0.0,0.0
lilicub voyage en italie,28,http://www.ec-fontaine-asnieres.ac-versailles.fr/IMG/pdf/voyage_en_italie-3.pdf,1,200.0,118.0,,,,0.0,0.0,0.0,0.0
lilicub voyage en italie,29,https://hit-parade.net/titre/1662/lilicub-voyage-en-italie,1,200.0,369.0,48.0,2.0,,0.0,20.0,16.0,10.0
lilicub voyage en italie,30,https://lescharts.com/showitem.asp?interpret=Lilicub&titel=Voyage+en+Italie&cat=s,1,,,45.0,,,0.0,1.0,0.0,0.0
lilicub voyage en italie,31,http://educmusicale.free.fr/documents/voyage%20en%20italie.pdf,1,,,,,,0.0,0.0,0.0,0.0
lilicub voyage en italie,32,https://www.tiktok.com/discover/lilicub-voyage-en-italie,1,,,,,,0.0,0.0,0.0,0.0
lilicub voyage en italie,33,https://www.cdandlp.com/lilicub/voyage-en-italie-j-ai-croise-ton-regard/cd-single/r116995162/,1,,,42.0,,,0.0,1.0,0.0,0.0
lilicub voyage en italie,34,https://www.lyrics.com/sublyric/78075/Lilicub/Voyage+en+Italie,1,,,40.0,24.0,,0.0,2.0,0.0,0.0
lilicub voyage en italie,35,https://vsalele.org/spip/IMG/pdf/Voyage_en_Italie_-_Lilicub.pdf,1,,,,,,,,,
lilicub voyage en italie,36,https://www.boiteachansons.net/en/partitions/lilicub/voyage-en-italie,1,200.0,882.0,38.0,,,0.0,2.0,93.0,3.0
lilicub voyage en italie,37,https://www.karafun.fr/karaoke/lilicub/voyage-en-italie/,1,200.0,135.0,51.0,6.0,,0.0,8.0,46.0,5.0
lilicub voyage en italie,38,https://www.version-karaoke.fr/playback-personnalise/lilicub/voyage-en-italie.html,1,200.0,234.0,58.0,15.0,,1.0,14.0,93.0,14.0
lilicub voyage en italie,39,https://www.lilot-parts.com/voyage-en-italie.htm,1,200.0,87.0,44.0,,,0.0,1.0,19.0,4.0
lilicub voyage en italie,40,https://musee.sacem.fr/index.php/Detail/objects/40291,1,200.0,588.0,46.0,26.0,,0.0,4.0,14.0,15.0
lilicub voyage en italie paroles,1,https://www.youtube.com/watch?v=_S0SYGGbnvw,0,,,,,,0.0,0.0,0.0,0.0
lilicub voyage en italie paroles,2,https://www.youtube.com/watch?v=ljT0GghJgf4,0,,,,,,0.0,0.0,0.0,0.0
lilicub voyage en italie paroles,3,https://www.paroles.net/lilicub/paroles-voyage-en-italie,0,200.0,46.0,51.0,13.0,50.0,1.0,2.0,93.0,2.0
lilicub voyage en italie paroles,4,"https://www.paroles.cc/chanson,voyage-en-italie,17628",0,200.0,116.0,46.0,,,0.0,1.0,31.0,1.0
lilicub voyage en italie paroles,5,"https://www.paroles-musique.com/paroles-Lilicub-Voyage_En_Italie-lyrics,p191332",0,403.0,33.0,60.0,10.0,,0.0,110.0,0.0,0.0
lilicub voyage en italie paroles,6,http://www.fpmusique.fr/wp-content/uploads/2017/02/Voyage-en-Italie-PAROLES-blog.pdf,1,200.0,54.0,,,,0.0,0.0,0.0,0.0
lilicub voyage en italie paroles,7,https://paroles2chansons.lemonde.fr/paroles-lilicub/paroles-voyage-en-italie.html,1,,,,,,0.0,0.0,0.0,0.0
lilicub voyage en italie paroles,8,"https://greatsong.net/PAROLES-LILICUB,VOYAGE-EN-ITALIE,23963.html",1,403.0,44.0,48.0,,,0.0,1.0,0.0,0.0
lilicub voyage en italie paroles,9,http://www.ec-fontaine-asnieres.ac-versailles.fr/IMG/pdf/voyage_en_italie-3.pdf,1,200.0,118.0,,,,0.0,0.0,0.0,0.0
lilicub voyage en italie paroles,10,http://dwinner.free.fr/lilicub.html,1,,,,,,0.0,0.0,0.0,0.0
lilicub voyage en italie paroles,11,https://genius.com/Lilicub-voyage-en-italie-lyrics,1,,,,,,0.0,0.0,0.0,0.0
lilicub voyage en italie paroles,12,https://www.lyrics.com/lyric-lf/5615231/Lilicub/Voyage+en+Italie,1,,,36.0,,,0.0,1.0,0.0,0.0
lilicub voyage en italie paroles,13,https://www.lacoccinelle.net/1425178-lilicub-voyage-en-italie.html,1,200.0,95.0,47.0,6.0,,0.0,3.0,21.0,3.0
lilicub voyage en italie paroles,14,https://www.bide-et-musique.com/song/13680.html,1,200.0,123.0,59.0,8.0,59.0,4.0,14.0,49.0,8.0
lilicub voyage en italie paroles,15,https://www.dailymotion.com/video/x2hlu8m,1,,,,,,0.0,0.0,0.0,0.0
lilicub voyage en italie paroles,16,https://www.musixmatch.com/fr/paroles/Lilicub/Voyage-en-Italie,1,,,,,,0.0,0.0,0.0,0.0
lilicub voyage en italie paroles,17,https://www.topaccords.com/partition/lilicub/voyage-en-italie,1,403.0,98.0,,,,0.0,0.0,0.0,0.0
lilicub voyage en italie paroles,18,https://www.coup-de-vieux.fr/lilicub-voyage-en-italie/,1,0.0,0.0,59.0,23.0,,0.0,10.0,0.0,0.0
lilicub voyage en italie paroles,19,https://lyricscopy.com/fr/lilicub/voyage-en-italie.htm,1,200.0,66.0,58.0,3.0,60.0,1.0,0.0,41.0,2.0
lilicub voyage en italie paroles,20,https://n-oubliez-pas-les-paroles.fandom.com/fr/wiki/Voyage_en_Italie,1,,,3.0,0.0,,0.0,21.0,0.0,0.0
lilicub voyage en italie paroles,21,https://www.version-karaoke.fr/karaoke/lilicub/voyage-en-italie.html,1,200.0,772.0,51.0,9.0,,3.0,17.0,82.0,13.0
lilicub voyage en italie paroles,22,https://parole.ultimalist.com/s16961/paroles_voyage-en-italie,1,200.0,274.0,58.0,6.0,,0.0,10.0,36.0,2.0
lilicub voyage en italie paroles,23,https://www.karafun.fr/karaoke/lilicub/voyage-en-italie/,1,200.0,135.0,51.0,6.0,,0.0,8.0,46.0,5.0
lilicub voyage en italie paroles,24,https://www.canalmonde.fr/r-videozone/videos-voyages/player.php?p=dmNhY2hlL3dvcmxkLzUvaXQvTzFQMUQxTGZyUDEuanNvbg%3D%3D&n=6&v=_S0SYGGbnvw,1,200.0,130.0,,,,0.0,0.0,47.0,0.0
lilicub voyage en italie paroles,25,https://songstranslation.com/lilicub/voyage-en-italie/,1,200.0,69.0,,,,0.0,0.0,31.0,0.0
lilicub voyage en italie paroles,26,http://paroles-traductions.com/chanson/montrer/4609887/lilicub/paroles-et-traduction-voyage-en-italie/,1,200.0,14.0,2.0,0.0,,0.0,1.0,59.0,0.0
lilicub voyage en italie paroles,27,https://lyricsfrance.com/lilicub/voyage-en-italie/,1,200.0,75.0,,,,0.0,0.0,31.0,0.0
lilicub voyage en italie paroles,28,http://edumusicale-collegesorbon.eklablog.com/voyage-en-italie-2019-2020-p1695076,1,,,,,,,,,
lilicub voyage en italie paroles,29,https://www.allformusic.fr/lilicub/videos,1,200.0,174.0,49.0,0.0,,0.0,5.0,17.0,2.0
lilicub voyage en italie paroles,30,https://www.pinterest.fr/pin/203647214392138406/,1,,,,,,0.0,0.0,0.0,0.0
lilicub voyage en italie paroles,31,http://clg-victor-hugo-chartres.tice.ac-orleans-tours.fr/php5/spip/IMG/pdf/voyage_en_italie_paroles.pdf,1,,,,,,0.0,0.0,0.0,0.0
lilicub voyage en italie paroles,32,https://www.eurochoral.com/chanson-francaise/1915-voyage-en-italie.html,1,200.0,381.0,53.0,2.0,,0.0,781.0,53.0,2.0
lilicub voyage en italie paroles,33,https://www.nomorelyrics.net/fr/Lilicub/Voyage_en_Italie-paroles.html,1,200.0,101.0,48.0,6.0,,0.0,1.0,35.0,0.0
lilicub voyage en italie paroles,34,https://www.boiteachansons.net/partitions/lilicub/voyage-en-italie,1,200.0,710.0,50.0,0.0,51.0,1.0,2.0,92.0,3.0
lilicub voyage en italie paroles,35,https://www.lilot-parts.com/voyage-en-italie.htm,1,200.0,87.0,44.0,,,0.0,1.0,19.0,4.0
lilicub voyage en italie paroles,36,https://ukulelechampagne.files.wordpress.com/2011/03/lilicube-voyage-en-italie.pdf,1,,,,,,0.0,0.0,0.0,0.0
lilicub voyage en italie paroles,37,https://melodiedubonheur.fr/lyrics/voyage-en-italie/,1,200.0,809.0,59.0,,,0.0,2.0,35.0,4.0
lilicub voyage en italie paroles,38,https://www.sip-panel.si/lilicub-voyage-en-italie-clip-officiel-k.html,1,,,,,,,,,
lilicub voyage en italie paroles,39,https://www.tiktok.com/discover/liliclub-voyage-en-italie,1,,,,,,0.0,0.0,0.0,0.0
lilicub voyage en italie paroles,40,https://www.edmu.fr/2012/07/chansons-autour-du-voyage.html,1,200.0,242.0,59.0,22.0,,1.0,283.0,99.0,34.0
voyage en italie,2,https://www.maisonsduvoyage.com/europe/italie,0,200.0,152.0,82.0,68.0,69.0,42.0,10095.0,252.0,4.0
voyage en italie,3,https://www.leclercvoyages.com/search?m_c.desti=IT,0,200.0,87.0,75.0,27.0,47.0,14.0,65900.0,867.0,15.0
voyage en italie,4,https://www.fram.fr/italie/sejour-vacances-voyage-italie-pas-cher-2/,0,200.0,653.0,75.0,44.0,73.0,369.0,2302.0,121.0,11.0
voyage en italie,5,https://www.comptoirdesvoyages.fr/voyage-pays/italie/ita,0,200.0,182.0,82.0,42.0,66.0,14.0,8759.0,173.0,0.0
voyage en italie,6,https://www.voyageursdumonde.fr/voyage-sur-mesure/recherche-voyage/voyage-italie,1,200.0,973.0,81.0,45.0,65.0,36.0,17103.0,315.0,23.0
voyage en italie,7,https://www.fr.lastminute.com/sejour/it_italie,1,,,,,,0.0,0.0,0.0,0.0
voyage en italie,8,https://www.promovacances.com/vacances-sejour-hotel/voyage-italie/,1,200.0,87.0,75.0,43.0,66.0,73.0,5697.0,97.0,18.0
voyage en italie,9,https://voyages.carrefour.fr/accueil/sejour-etranger/europe/italie,1,302.0,313.0,47.0,11.0,,0.0,9.0,0.0,0.0
voyage en italie,10,https://www.routard.com/guide/code_dest/italie.htm,1,500.0,1089.0,69.0,16.0,63.0,36.0,797.0,0.0,0.0
voyage en italie,11,https://www.tui.fr/voyage-italie/,1,200.0,70.0,78.0,59.0,71.0,1329.0,9821.0,144.0,21.0
voyage en italie,12,https://www.tui.fr/voyages-italie/type-sejours/,1,200.0,39.0,79.0,58.0,71.0,976.0,8865.0,138.0,21.0
voyage en italie,13,https://fr.wikipedia.org/wiki/Voyage_en_Italie,1,,,47.0,3.0,49.0,10.0,0.0,0.0,0.0
voyage en italie,14,https://www.evaneos.fr/italie/,1,200.0,180.0,75.0,31.0,64.0,3441.0,3868.0,171.0,16.0
voyage en italie,15,https://www.lidl-voyages.fr/serp.html?s_c.PRODUCT_TYPE=SEJOUR&s_c.DEST=ITA,1,200.0,20.0,62.0,18.0,60.0,1.0,53.0,45.0,17.0
voyage en italie,16,https://www.voyagespirates.fr/destinations/italie,1,200.0,445.0,78.0,29.0,65.0,2225.0,3157.0,100.0,35.0
voyage en italie,17,https://it.ambafrance.org/-Conseils-aux-voyageurs-1242-,1,,,45.0,12.0,,1.0,2.0,0.0,0.0
voyage en italie,18,https://www.amazon.fr/Voyage-en-Italie-Jean-Giono/dp/2070371433,1,,,40.0,1.0,40.0,1.0,0.0,0.0,0.0
voyage en italie,19,https://www.partir.com/Italie/,1,200.0,143.0,67.0,21.0,52.0,6.0,455.0,19.0,8.0
voyage en italie,20,https://sejour.cdiscount.com/serp?s_c.de=eu.it,1,,,,,,1.0,0.0,0.0,0.0
voyage en italie,21,https://www.clubmed.fr/d/europe/italie,1,200.0,394.0,75.0,54.0,,0.0,2622.0,155.0,19.0
voyage en italie,22,https://voyage.gc.ca/destinations/italie,1,200.0,529.0,66.0,40.0,64.0,80.0,54.0,34.0,77.0
voyage en italie,23,https://www.allocine.fr/film/fichefilm_gen_cfilm=289725.html,1,,,66.0,36.0,58.0,21.0,12.0,0.0,0.0
voyage en italie,24,https://www.voyage-prive.com/offres/voyage-en-italie,1,200.0,378.0,78.0,48.0,58.0,10.0,31436.0,173.0,16.0
voyage en italie,25,"https://www.salaun-holidays.com/recherche-voyages,italie-0-93-0-0.html",1,200.0,366.0,62.0,25.0,54.0,4.0,117.0,50.0,23.0
voyage en italie,26,https://www.smartbox.com/fr/voyage-en-italie/,1,200.0,2136.0,59.0,2.0,,0.0,13.0,219.0,2.0
voyage en italie,27,https://www.donatello.fr/,1,200.0,2246.0,73.0,33.0,65.0,1443.0,563.0,65.0,1.0
voyage en italie,28,https://www.selectour.com/italie,1,200.0,19.0,75.0,27.0,,0.0,686.0,26.0,9.0
voyage en italie,29,https://www.expedia.fr/Italie.d86.Reservation-Sejours-Voyages,1,403.0,0.0,64.0,22.0,,41.0,33.0,0.0,0.0
voyage en italie,30,https://www.italie-authentique.com/,1,200.0,13.0,67.0,24.0,61.0,19.0,103.0,54.0,6.0
voyage en italie,31,https://www.lefigaro.fr/voyages/dossier/italie,1,0.0,0.0,68.0,58.0,64.0,501.0,1020.0,0.0,0.0
voyage en italie,32,https://www.marcovasco.fr/europe/italie/,1,200.0,151.0,78.0,62.0,60.0,38.0,1392.0,61.0,0.0
voyage en italie,33,https://www.artsetvie.com/destination/europe/italie-sauf-sicile.html,1,200.0,2004.0,74.0,29.0,69.0,261.0,3294.0,182.0,4.0
voyage en italie,34,https://www.voyage-italie.fr/,1,200.0,220.0,79.0,34.0,66.0,61.0,62983.0,26.0,3.0
voyage en italie,35,https://www.youtube.com/watch?v=bse02AUNP_o,1,,,65.0,25.0,66.0,114.0,0.0,0.0,0.0
voyage en italie,36,https://gallica.bnf.fr/dossiers/html/dossiers/VoyagesEnItalie/,1,200.0,26.0,63.0,23.0,54.0,7.0,1.0,0.0,0.0
voyage en italie,37,https://www.ovoyages.com/voyages-italie,1,200.0,604.0,68.0,33.0,,0.0,89.0,87.0,5.0
voyage en italie,38,https://www.intermedes.com/voyages-culturels/italie/,1,200.0,474.0,70.0,32.0,63.0,15.0,324.0,82.0,5.0
voyage en italie,39,https://perraudvoyages.com/tour-destination/voyage-organise-italie-sardaigne-sicile/,1,200.0,143.0,70.0,24.0,,0.0,536.0,89.0,5.0
voyage en italie,40,https://www.verychic.fr/voyage/italie,1,200.0,87.0,73.0,33.0,60.0,16.0,5233.0,117.0,8.0
voyage en italie chanson,1,https://www.youtube.com/watch?v=Yo31_hT-e6A,0,,,55.0,0.0,56.0,1.0,0.0,0.0,0.0
voyage en italie chanson,2,https://www.youtube.com/watch?v=ljT0GghJgf4,0,,,,,,0.0,0.0,0.0,0.0
voyage en italie chanson,3,https://www.youtube.com/watch?v=_S0SYGGbnvw,0,,,,,,0.0,0.0,0.0,0.0
voyage en italie chanson,4,https://www.paroles.net/lilicub/paroles-voyage-en-italie,0,200.0,46.0,51.0,13.0,50.0,1.0,2.0,93.0,2.0
voyage en italie chanson,5,https://fr.wikipedia.org/wiki/Lilicub,0,,,57.0,14.0,57.0,36.0,0.0,0.0,0.0
voyage en italie chanson,6,https://www.last.fm/fr/music/Etienne+Daho+et+Lilicube/_/Voyage+en+italie,1,,,,,,0.0,0.0,0.0,0.0
voyage en italie chanson,7,https://www.topaccords.com/partition/lilicub/voyage-en-italie,1,403.0,98.0,,,,0.0,0.0,0.0,0.0
voyage en italie chanson,8,https://www.dailymotion.com/video/x37ineq,1,,,,,,0.0,0.0,0.0,0.0
voyage en italie chanson,9,https://www.karafun.fr/karaoke/lilicub/voyage-en-italie/,1,200.0,135.0,51.0,6.0,,0.0,8.0,46.0,5.0
voyage en italie chanson,10,https://www.tiktok.com/discover/voyage-en-italie-chanson,1,,,,,,,,,
voyage en italie chanson,11,https://www.voyageursdumonde.fr/voyage-sur-mesure/magazine-voyage/10-musiques-qui-vous-feront-voyager-en-italie,1,200.0,144.0,55.0,6.0,56.0,6.0,4.0,237.0,22.0
voyage en italie chanson,12,https://www.lacoccinelle.net/1425178-lilicub-voyage-en-italie.html,1,200.0,95.0,47.0,6.0,,0.0,3.0,21.0,3.0
voyage en italie chanson,13,https://www.eurochoral.com/chanson-francaise/1915-voyage-en-italie.html,1,200.0,381.0,53.0,2.0,,0.0,781.0,53.0,2.0
voyage en italie chanson,14,http://educmusicale.free.fr/documents/voyage%20en%20italie.pdf,1,,,,,,0.0,0.0,0.0,0.0
voyage en italie chanson,15,https://www.cinezik.org/critiques/affcritique.php?titre=voyages-en-italie2023030218,1,,,61.0,22.0,,0.0,4.0,0.0,0.0
voyage en italie chanson,16,"https://www.paroles-musique.com/paroles-Lilicub-Voyage_En_Italie-lyrics,p191332",1,403.0,33.0,60.0,10.0,,0.0,110.0,0.0,0.0
voyage en italie chanson,17,https://www.nostalgie.fr/artistes/lilicub/biographie,1,200.0,191.0,60.0,6.0,,0.0,10.0,44.0,17.0
voyage en italie chanson,18,https://fr-ca.facebook.com/parjupiter/videos/voyage-en-italie-la-chanson-de-fr%C3%A9d%C3%A9ric-fromet/1862153187153126/,1,,,,,,,,,
voyage en italie chanson,19,http://www.fpmusique.fr/wp-content/uploads/2017/02/Voyage-en-Italie-PAROLES-blog.pdf,1,200.0,54.0,,,,0.0,0.0,0.0,0.0
voyage en italie chanson,20,https://www.coup-de-vieux.fr/lilicub-voyage-en-italie/,1,0.0,0.0,59.0,23.0,,0.0,10.0,0.0,0.0
voyage en italie chanson,21,https://open.spotify.com/track/3AMPbDHSYBJTnL0QcUuCL0,1,,,,,,0.0,0.0,0.0,0.0
voyage en italie chanson,22,https://paroles2chansons.lemonde.fr/paroles-lilicub/paroles-voyage-en-italie.html,1,,,,,,0.0,0.0,0.0,0.0
voyage en italie chanson,23,https://www.carnets-voyage-photos.fr/playlist-voyage-italie/,1,200.0,120.0,59.0,23.0,,0.0,36.0,46.0,13.0
voyage en italie chanson,24,https://www.amazon.fr/dItalie-Voyage-origines-chanson-italienne/dp/B08KRMXHMT,1,,,,,,0.0,0.0,0.0,0.0
voyage en italie chanson,25,https://www.bide-et-musique.com/song/13680.html,1,200.0,123.0,59.0,8.0,59.0,4.0,14.0,49.0,8.0
voyage en italie chanson,26,https://www.edmu.fr/2012/07/chansons-autour-du-voyage.html,1,200.0,242.0,59.0,22.0,,1.0,283.0,99.0,34.0
voyage en italie chanson,27,https://musee.sacem.fr/index.php/Detail/objects/40291,1,200.0,588.0,46.0,26.0,,0.0,4.0,14.0,15.0
voyage en italie chanson,28,https://www.radiofrance.fr/franceinter/podcasts/la-chanson-de-frederic-fromet/voyage-en-italie-3008484,1,,,36.0,9.0,,0.0,1.0,0.0,0.0
voyage en italie chanson,29,https://www.ouest-france.fr/culture/philippe-katerine-acteur-par-pur-plaisir-1ac27962-a891-11ed-aeeb-69381795ad8f,1,,,28.0,,29.0,3.0,0.0,0.0,0.0
voyage en italie chanson,30,https://www.cinematheque.fr/film/42673.html,1,200.0,104.0,59.0,20.0,,0.0,19.0,51.0,6.0
voyage en italie chanson,31,https://www.theatre-pierredelune.fr/spectacle/un-air-d-italie-voyage-aux-origines-de-la-chanson-italienne,1,200.0,419.0,46.0,9.0,,0.0,1.0,23.0,7.0
voyage en italie chanson,32,https://www.allocine.fr/film/fichefilm_gen_cfilm=289725.html,1,,,66.0,36.0,58.0,21.0,12.0,0.0,0.0
voyage en italie chanson,33,"https://www.telerama.fr/musique/reportage-le-voyage-en-italie-de-la-jeune-chanson-francaise,70178.php",1,,,40.0,0.0,,0.0,2.0,0.0,0.0
voyage en italie chanson,34,https://www.chenenoir.fr/event/un-air-ditalie-voyage-aux-origines-de-la-chanson-italienne/,1,200.0,822.0,60.0,9.0,,15.0,453.0,77.0,16.0
voyage en italie chanson,35,https://generationvoyage.fr/playlists-voyage/musique-italie/,1,200.0,302.0,66.0,42.0,66.0,58.0,3.0,45.0,10.0
voyage en italie chanson,36,https://www.cityzeum.com/ar/l-italie-en-chansons,1,200.0,251.0,56.0,24.0,,0.0,16.0,62.0,2.0
voyage en italie chanson,37,https://tabs.ultimate-guitar.com/tab/lilicub/voyage-en-italie-chords-2893118,1,200.0,220.0,49.0,,51.0,1.0,0.0,0.0,0.0
voyage en italie chanson,38,https://www.nipette.com/2020/07/s-en-aller-tous-les-deux-italie.html,1,200.0,248.0,61.0,0.0,60.0,1.0,13.0,253.0,21.0
voyage en italie chanson,39,https://music.apple.com/fr/playlist/la-chanson-fran%C3%A7aise-et-litalie/pl.a7e52702fde04306b20a7aea91975873,1,,,,,,0.0,0.0,0.0,0.0
voyage en italie chanson,40,https://www.voyages-girardot.com/destinations.rub-335/europe.rub-379/europe-du-sud.rub-454/italie.rub-338/,1,200.0,210.0,57.0,3.0,55.0,9.0,14.0,157.0,8.0
voyage en italie covid,2,https://it.ambafrance.org/Coronavirus-Covid-19-situation-en-Italie-10236,0,200.0,161.0,71.0,49.0,69.0,179.0,4.0,63.0,16.0
voyage en italie covid,3,https://it.ambafrance.org/-Conseils-aux-voyageurs-1242-,0,,,45.0,12.0,,1.0,2.0,0.0,0.0
voyage en italie covid,4,https://voyage.gc.ca/destinations/italie,0,200.0,529.0,66.0,40.0,64.0,80.0,54.0,34.0,77.0
voyage en italie covid,5,https://europa.eu/youreurope/citizens/travel/travel-and-covid/italy/index_fr.htm,0,,,,,,0.0,0.0,0.0,0.0
voyage en italie covid,6,https://fr.euronews.com/voyages/2023/03/21/covid-quelles-sont-les-regles-pour-voyager-en-europe,1,,,55.0,33.0,,1.0,3.0,0.0,0.0
voyage en italie covid,7,https://www.lechotouristique.com/article/voyage-en-italie-quelles-sont-les-formalites-dentree,1,200.0,166.0,69.0,36.0,46.0,2.0,3692.0,88.0,18.0
voyage en italie covid,8,https://partir.ouest-france.fr/italie/covid-19,1,200.0,335.0,65.0,12.0,64.0,3.0,170.0,46.0,20.0
voyage en italie covid,9,https://www.tourmag.com/Voyage-Italie-quelles-conditions-d-entree_a112158.html,1,200.0,274.0,63.0,19.0,38.0,1.0,134.0,118.0,26.0
voyage en italie covid,10,http://diplomatie.belgium.be/fr/pays/italie/voyager-en-italie-conseils-aux-voyageurs/derniere-mise-jour-et-covid-19-en-italie,1,,,72.0,22.0,,0.0,1.0,0.0,0.0
voyage en italie covid,11,https://www.lefigaro.fr/voyages/italie-voyage-covid-restrictions-passe-sanitaire-20220201,1,,,57.0,11.0,59.0,18.0,2.0,0.0,0.0
voyage en italie covid,13,https://www.tcs.ch/fr/camping-voyages/informations-touristiques/news-actualites/corona/corona-italie.php,1,200.0,346.0,52.0,14.0,,2.0,52.0,152.0,33.0
voyage en italie covid,14,https://www.europ-assistance.fr/fr/conseils/quelle-assurance-pour-un-voyage-en-italie,1,200.0,126.0,58.0,,60.0,1.0,0.0,0.0,0.0
voyage en italie covid,15,https://www.eda.admin.ch/eda/fr/home/laender-reise-information/italien/reisehinweise-italien.html,1,200.0,1509.0,43.0,6.0,45.0,13.0,0.0,306.0,26.0
voyage en italie covid,16,https://www.trenitalia.com/trenitalia-france/information-and-contacts/situation-sanitaire.html,1,200.0,133.0,54.0,17.0,,3.0,5.0,56.0,22.0
voyage en italie covid,17,https://www.kayak.fr/restrictions-de-voyage/italie,1,200.0,701.0,64.0,19.0,41.0,71.0,9.0,7.0,39.0
voyage en italie covid,18,https://www.pasteur.fr/fr/centre-medical/preparer-son-voyage/italie,1,200.0,1772.0,59.0,32.0,58.0,5.0,1962.0,1605.0,23.0
voyage en italie covid,19,https://www.italie-authentique.com/agence-locale/mesures-sanitaires-coronavirus,1,200.0,818.0,67.0,22.0,,0.0,105.0,40.0,15.0
voyage en italie covid,20,https://www.partir-a-rome.com/preparer-sejour-rome/bon-a-savoir/covid-19-rome,1,200.0,106.0,64.0,25.0,,0.0,38.0,73.0,3.0
voyage en italie covid,21,https://sante.journaldesfemmes.fr/fiches-maladies/2608487-voyage-covid-france-regles-mai-2023-etranger/,1,,,,,,1.0,0.0,0.0,0.0
voyage en italie covid,22,https://www.tui.be/fr/italie-corona-mesures,1,403.0,20.0,,,,1.0,0.0,0.0,0.0
voyage en italie covid,23,https://www.routard.com/mag_info/italie.htm,1,500.0,92.0,,,,2.0,0.0,0.0,0.0
voyage en italie covid,24,https://wwws.airfrance.fr/information/covid-19,1,200.0,36.0,76.0,73.0,58.0,17.0,5028.0,27.0,19.0
voyage en italie covid,25,https://www.tripadvisor.fr/ShowTopic-g187768-i20-k13811132-Covid-Italy.html,1,,,,,,0.0,0.0,0.0,0.0
voyage en italie covid,26,https://www.mije.com/webinaires/voyage-scolaire-en-italie/covid,1,200.0,107.0,43.0,9.0,,0.0,4.0,84.0,5.0
voyage en italie covid,27,https://www.grimaldi-lines.com/fr/urgence-coronavirus-covid-19-informations-voyage/,1,200.0,167.0,66.0,17.0,,1.0,410.0,113.0,22.0
voyage en italie covid,28,https://apply.joinsherpa.com/travel-restrictions/ITA?language=fr-CA&originCountry=CAN&nationality=CAN&fullyVaccinated=false&affiliateId=sherpa,1,200.0,47.0,,,,0.0,0.0,0.0,0.0
voyage en italie covid,29,https://www.assurance-voyage.axa-assistance.fr/conseils-infos/informations-pays/assurance-voyage-italie,1,200.0,189.0,62.0,28.0,,1.0,152.0,80.0,8.0
voyage en italie covid,30,https://fr.ivisa.com/italy-schengen-visa,1,200.0,1366.0,70.0,53.0,,9.0,12.0,25.0,21.0
voyage en italie covid,31,https://www.parisaeroport.fr/passagers/les-vols/covid-19-voyager-en-toute-securite,1,200.0,182.0,75.0,61.0,,0.0,1091.0,103.0,12.0
voyage en italie covid,32,https://www.buchard.ch/faq/covid/,1,0.0,0.0,,,,0.0,0.0,0.0,0.0
voyage en italie covid,33,https://www.allianz-voyage.fr/destinations/assurance-voyage-italie.html,1,200.0,94.0,58.0,39.0,,0.0,16.0,72.0,12.0
voyage en italie covid,34,https://www.e-venise.com/coronavirus-covid-19-venise-italie.html,1,200.0,416.0,66.0,23.0,54.0,3.0,8.0,39.0,19.0
voyage en italie covid,35,https://www.moorings.fr/covid19/conseils-aux-voyageurs/italie/sardaigne,1,200.0,2296.0,43.0,12.0,,0.0,2.0,72.0,13.0
voyage en italie covid,36,https://www.fti-voyages.fr/top-destinations/voyage-en-italie,1,200.0,475.0,62.0,36.0,,0.0,331.0,82.0,8.0
voyage en italie covid,37,https://b-italie.com/voyage-italie-covid/,1,200.0,747.0,63.0,8.0,,0.0,258.0,23.0,14.0
voyage en italie covid,38,https://www.international.gc.ca/country-pays/italy-italie/index.aspx?lang=fra,1,,,75.0,10.0,76.0,86.0,1.0,0.0,0.0
voyage en italie covid,39,https://www.easyjet.com/fr/covid-19-travel-hub/country-specific-restrictions-and-entry-requirements,1,200.0,296.0,60.0,26.0,59.0,12.0,2.0,50.0,33.0
voyage en italie covid,40,https://www.service-public.fr/particuliers/vosdroits/F35613,1,200.0,114.0,79.0,47.0,77.0,7057.0,29.0,45.0,24.0
voyage en italie film,1,https://www.allocine.fr/film/fichefilm_gen_cfilm=289725.html,0,,,66.0,36.0,58.0,21.0,12.0,0.0,0.0
voyage en italie film,2,https://www.youtube.com/watch?v=RYhKkmdlE8A,0,,,59.0,24.0,56.0,2.0,0.0,0.0,0.0
voyage en italie film,3,https://www.cinematheque.fr/film/42673.html,0,200.0,104.0,59.0,20.0,,0.0,19.0,51.0,6.0
voyage en italie film,4,https://www.telerama.fr/cinema/films/voyages-en-italie-1-249306980.php,0,,,51.0,42.0,49.0,1.0,1.0,0.0,0.0
voyage en italie film,5,https://www.senscritique.com/film/voyages_en_italie/45395182,0,,,55.0,2.0,,0.0,41.0,0.0,0.0
voyage en italie film,6,https://www.radiofrance.fr/franceculture/podcasts/affaire-critique/critique-cinema-voyages-en-italie-de-sophie-letourneur-1532545,1,,,53.0,16.0,52.0,3.0,3.0,0.0,0.0
voyage en italie film,7,https://fr.wikipedia.org/wiki/Voyages_en_Italie,1,,,49.0,,51.0,1.0,0.0,0.0,0.0
voyage en italie film,8,https://www.meteore-films.fr/distribution-films/Voyages-en-Italie,1,200.0,82.0,55.0,45.0,49.0,4.0,3.0,7.0,5.0
voyage en italie film,9,https://www.lafilmotheque.fr/films/voyage-en-italie/,1,200.0,3005.0,67.0,50.0,,0.0,152.0,94.0,4.0
voyage en italie film,10,https://www.lesinrocks.com/cinema/voyages-en-italie-les-vacances-douces-ameres-de-sophie-letourneur-et-philippe-katerine-547006-26-03-2023/,1,,,53.0,35.0,49.0,6.0,166.0,0.0,0.0
voyage en italie film,11,https://www.critikat.com/actualite-cine/critique/voyages-en-italie/,1,200.0,1241.0,50.0,35.0,49.0,1.0,2.0,30.0,6.0
voyage en italie film,12,https://www.lemonde.fr/archives/article/1955/04/22/voyage-en-italie_1960044_1819218.html,1,,,25.0,1.0,,1.0,1.0,0.0,0.0
voyage en italie film,13,https://www.lemonde.fr/culture/article/2023/03/27/voyages-en-italie-de-sophie-letourneur-une-radiographie-d-un-amour-conjugal-en-phase-de-lassitude_6167148_3246.html,1,,,65.0,35.0,48.0,3.0,928.0,0.0,0.0
voyage en italie film,14,https://cineuropa.org/fr/video/440435/,1,,,,,,0.0,0.0,0.0,0.0
voyage en italie film,15,https://www.filmotv.fr/film/voyage-en-italie-version-restauree/23135.html,1,200.0,3833.0,60.0,30.0,,1.0,33.0,47.0,2.0
voyage en italie film,16,https://www.cinema-comoedia.com/film/367558/,1,0.0,0.0,,,,0.0,0.0,0.0,0.0
voyage en italie film,17,https://www.offi.fr/cinema/evenement/voyages-en-italie-91123.html,1,200.0,376.0,68.0,22.0,,0.0,939.0,53.0,8.0
voyage en italie film,18,https://www.justwatch.com/fr/film/voyage-en-italie,1,200.0,37.0,,,,1.0,1.0,79.0,8.0
voyage en italie film,19,https://www.programme-television.org/films-telefilms/drame/Voyage-en-Italie-4337035,1,200.0,155.0,,,,0.0,0.0,49.0,7.0
voyage en italie film,20,https://mondocine.net/cinema-voyages-en-italie-de-sophie-letourneur-la-critique-du-film/,1,,,65.0,9.0,,0.0,438.0,0.0,0.0
voyage en italie film,21,https://www.chaosreign.fr/critique-voyages-en-italie-film-sophie-letourneur-un-film-de-couple-deux-pour-tous/,1,200.0,532.0,60.0,18.0,,0.0,195.0,59.0,5.0
voyage en italie film,22,https://www.liberation.fr/culture/cinema/voyages-en-italie-zen-de-la-vie-conjugale-20230329_RDG5HQSN3NA65CKV6QQDFKZL5A/,1,,,62.0,41.0,49.0,1.0,3.0,0.0,0.0
voyage en italie film,23,https://www.cinema-arvor.fr/film/367558/,1,0.0,0.0,,,,0.0,0.0,0.0,0.0
voyage en italie film,24,https://www.cinemas-utopia.org/toulouse/index.php?id=5245&mode=film,1,,,,,,0.0,0.0,0.0,0.0
voyage en italie film,25,https://www.studiocine.com/fiche-film/voyages-en-italie.html,1,200.0,858.0,47.0,28.0,,0.0,23.0,37.0,17.0
voyage en italie film,26,https://www.ecranlarge.com/films/842844-voyage-en-italie,1,200.0,503.0,46.0,,,0.0,4.0,67.0,3.0
voyage en italie film,27,https://www.cineserie.com/movies/5537441/,1,,,42.0,,,0.0,1.0,0.0,0.0
voyage en italie film,28,https://www.cine32.com/film/367558/,1,0.0,0.0,,,,0.0,1.0,0.0,0.0
voyage en italie film,29,https://www.ugc.fr/film.html?id=15181,1,200.0,307.0,51.0,30.0,,0.0,4.0,27.0,10.0
voyage en italie film,30,https://www.unifrance.org/film/54680/voyages-en-italie,1,200.0,246.0,45.0,23.0,,1.0,2.0,50.0,12.0
voyage en italie film,31,http://www.lebleudumiroir.fr/critique-voyages-en-italie/,1,200.0,6839.0,46.0,12.0,,0.0,5.0,163.0,17.0
voyage en italie film,32,https://www.lefigaro.fr/cinema/notre-critique-de-voyages-en-italie-vestiges-de-l-amour-20230328,1,,,53.0,22.0,48.0,16.0,4.0,0.0,0.0
voyage en italie film,33,https://lepolyester.com/critique-voyages-en-italie/,1,406.0,629.0,,,,0.0,0.0,0.0,0.0
voyage en italie film,34,https://cinema-series.orange.fr/cinema/tous-les-films-au-cinema/movie-voyages-en-italie_2023.html,1,200.0,2634.0,,,,0.0,0.0,19.0,12.0
voyage en italie film,35,https://www.pathe.fr/films/voyages-en-italie-20087,1,200.0,1477.0,48.0,22.0,,0.0,2.0,31.0,13.0
voyage en italie film,36,https://www.universcine.com/films/voyage-en-italie,1,200.0,394.0,61.0,14.0,54.0,1.0,173.0,96.0,2.0
voyage en italie film,37,https://www.lacinetek.com/fr/film/voyage-en-italie-roberto-rossellini-vod,1,200.0,1644.0,60.0,12.0,60.0,1.0,90.0,42.0,24.0
voyage en italie film,38,https://www.cbo-boxoffice.com/v4/page000.php3?Xnumitem=110&inc=fichemov.php3&fid=32906,1,,,,,,0.0,0.0,0.0,0.0
voyage en italie film,39,https://www.premiere.fr/film/Voyages-en-Italie/critiques,1,,,,,,0.0,1.0,0.0,0.0
voyage en italie film,40,https://www.cinemas-du-grutli.ch/films/5458-viaggio-italia,1,200.0,344.0,59.0,0.0,,0.0,105.0,16.0,15.0
voyage en italie paroles,1,https://www.youtube.com/watch?v=ljT0GghJgf4,0,,,,,,0.0,0.0,0.0,0.0
voyage en italie paroles,2,https://www.youtube.com/watch?v=_S0SYGGbnvw,0,,,,,,0.0,0.0,0.0,0.0
voyage en italie paroles,3,https://www.paroles.net/lilicub/paroles-voyage-en-italie,0,200.0,46.0,51.0,13.0,50.0,1.0,2.0,93.0,2.0
voyage en italie paroles,4,http://www.fpmusique.fr/wp-content/uploads/2017/02/Voyage-en-Italie-PAROLES-blog.pdf,0,200.0,54.0,,,,0.0,0.0,0.0,0.0
voyage en italie paroles,5,"https://www.paroles.cc/chanson,voyage-en-italie,17628",0,200.0,116.0,46.0,,,0.0,1.0,31.0,1.0
voyage en italie paroles,6,https://n-oubliez-pas-les-paroles.fandom.com/fr/wiki/Voyage_en_Italie,1,,,3.0,0.0,,0.0,21.0,0.0,0.0
voyage en italie paroles,7,"https://www.paroles-musique.com/paroles-Lilicub-Voyage_En_Italie-lyrics,p191332",1,403.0,33.0,60.0,10.0,,0.0,110.0,0.0,0.0
voyage en italie paroles,8,http://www.ec-fontaine-asnieres.ac-versailles.fr/IMG/pdf/voyage_en_italie-3.pdf,1,200.0,118.0,,,,0.0,0.0,0.0,0.0
voyage en italie paroles,9,https://paroles2chansons.lemonde.fr/paroles-lilicub/paroles-voyage-en-italie.html,1,,,,,,0.0,0.0,0.0,0.0
voyage en italie paroles,10,http://clg-victor-hugo-chartres.tice.ac-orleans-tours.fr/php5/spip/IMG/pdf/voyage_en_italie_paroles.pdf,1,,,,,,0.0,0.0,0.0,0.0
voyage en italie paroles,11,http://dwinner.free.fr/lilicub.html,1,,,,,,0.0,0.0,0.0,0.0
voyage en italie paroles,12,"https://greatsong.net/PAROLES-LILICUB,VOYAGE-EN-ITALIE,23963.html",1,403.0,44.0,48.0,,,0.0,1.0,0.0,0.0
voyage en italie paroles,13,https://genius.com/Lilicub-voyage-en-italie-lyrics,1,,,,,,0.0,0.0,0.0,0.0
voyage en italie paroles,14,https://www.lacoccinelle.net/1425178-lilicub-voyage-en-italie.html,1,200.0,95.0,47.0,6.0,,0.0,3.0,21.0,3.0
voyage en italie paroles,15,https://www.topaccords.com/partition/lilicub/voyage-en-italie,1,403.0,98.0,,,,0.0,0.0,0.0,0.0
voyage en italie paroles,16,https://www.bide-et-musique.com/song/13680.html,1,200.0,123.0,59.0,8.0,59.0,4.0,14.0,49.0,8.0
voyage en italie paroles,17,https://melodiedubonheur.fr/lyrics/voyage-en-italie/,1,200.0,809.0,59.0,,,0.0,2.0,35.0,4.0
voyage en italie paroles,18,https://www.musixmatch.com/fr/paroles/Lilicub/Voyage-en-Italie,1,,,,,,0.0,0.0,0.0,0.0
voyage en italie paroles,19,https://www.coup-de-vieux.fr/lilicub-voyage-en-italie/,1,0.0,0.0,59.0,23.0,,0.0,10.0,0.0,0.0
voyage en italie paroles,20,https://fr.wikipedia.org/wiki/Lilicub,1,,,57.0,14.0,57.0,36.0,0.0,0.0,0.0
voyage en italie paroles,21,https://www.lilot-parts.com/voyage-en-italie.htm,1,200.0,87.0,44.0,,,0.0,1.0,19.0,4.0
voyage en italie paroles,22,https://www.eurochoral.com/chanson-francaise/1915-voyage-en-italie.html,1,200.0,381.0,53.0,2.0,,0.0,781.0,53.0,2.0
voyage en italie paroles,23,https://lyricscopy.com/fr/lilicub/voyage-en-italie.htm,1,200.0,66.0,58.0,3.0,60.0,1.0,0.0,41.0,2.0
voyage en italie paroles,24,http://paroles-traductions.com/chanson/montrer/4609887/lilicub/paroles-et-traduction-voyage-en-italie/,1,200.0,14.0,2.0,0.0,,0.0,1.0,59.0,0.0
voyage en italie paroles,25,https://www.dailymotion.com/video/x2hlu8m,1,,,,,,0.0,0.0,0.0,0.0
voyage en italie paroles,26,https://www.canalmonde.fr/r-videozone/videos-voyages/player.php?p=dmNhY2hlL3dvcmxkLzUvaXQvTzFQMUQxTGZyUDEuanNvbg%3D%3D&n=6&v=_S0SYGGbnvw,1,200.0,130.0,,,,0.0,0.0,47.0,0.0
voyage en italie paroles,27,https://parole.ultimalist.com/s16961/paroles_voyage-en-italie,1,200.0,274.0,58.0,6.0,,0.0,10.0,36.0,2.0
voyage en italie paroles,28,https://www.version-karaoke.fr/karaoke/lilicub/voyage-en-italie.html,1,200.0,772.0,51.0,9.0,,3.0,17.0,82.0,13.0
voyage en italie paroles,29,http://olivier.houdas.free.fr/Music/asp/Paroles1b66.html,1,,,,,,0.0,0.0,0.0,0.0
voyage en italie paroles,30,https://www.lmi-partitions.com/produit/voyage-en-italie-crockmusic/,1,200.0,291.0,51.0,4.0,,0.0,6.0,36.0,1.0
voyage en italie paroles,31,https://lyricsfrance.com/lilicub/voyage-en-italie/,1,200.0,75.0,,,,0.0,0.0,31.0,0.0
voyage en italie paroles,32,https://www.cinezik.org/critiques/affcritique.php?titre=voyages-en-italie2023030218,1,,,61.0,22.0,,0.0,4.0,0.0,0.0
voyage en italie paroles,33,https://fr.shopping.rakuten.com/offer/buy/4799048699/partition-voyage-en-italie-piano-et-paroles-format-broche.html,1,,,,,,0.0,0.0,0.0,0.0
voyage en italie paroles,34,https://www.voyageursdumonde.fr/voyage-sur-mesure/magazine-voyage/10-musiques-qui-vous-feront-voyager-en-italie,1,200.0,144.0,55.0,6.0,56.0,6.0,4.0,237.0,22.0
voyage en italie paroles,35,http://educmusicale.free.fr/documents/voyage%20en%20italie.pdf,1,,,,,,0.0,0.0,0.0,0.0
voyage en italie paroles,36,http://lecoinzic.info/lilicub/voyage-en-italie/,1,200.0,1859.0,58.0,,,0.0,2.0,18.0,16.0
voyage en italie paroles,37,https://www.pinterest.fr/pin/203647214392138406/,1,,,,,,0.0,0.0,0.0,0.0
voyage en italie paroles,38,https://tabs.ultimate-guitar.com/tab/lilicub/voyage-en-italie-chords-2893118,1,200.0,220.0,49.0,,51.0,1.0,0.0,0.0,0.0
voyage en italie paroles,39,https://www.francebleu.fr/emissions/circuits-courts-en-alsace/alsace/les-circuits-courts-241,1,,,47.0,,49.0,1.0,0.0,0.0,0.0
voyage en italie paroles,40,https://www.edmu.fr/2012/07/chansons-autour-du-voyage.html,1,200.0,242.0,59.0,22.0,,1.0,283.0,99.0,34.0
voyage italie,1,https://www.leclercvoyages.com/search?m_c.desti=IT,0,200.0,87.0,75.0,27.0,47.0,14.0,65900.0,867.0,15.0
voyage italie,2,https://www.maisonsduvoyage.com/europe/italie,0,200.0,152.0,82.0,68.0,69.0,42.0,10095.0,252.0,4.0
voyage italie,3,https://www.fram.fr/italie/sejour-vacances-voyage-italie-pas-cher-2/,0,200.0,653.0,75.0,44.0,73.0,369.0,2302.0,121.0,11.0
voyage italie,5,https://www.promovacances.com/vacances-sejour-hotel/voyage-italie/,0,200.0,87.0,75.0,43.0,66.0,73.0,5697.0,97.0,18.0
voyage italie,6,https://www.comptoirdesvoyages.fr/voyage-pays/italie/ita,1,200.0,182.0,82.0,42.0,66.0,14.0,8759.0,173.0,0.0
voyage italie,7,https://voyages.carrefour.fr/accueil/sejour-etranger/europe/italie,1,302.0,313.0,47.0,11.0,,0.0,9.0,0.0,0.0
voyage italie,8,https://www.voyageursdumonde.fr/voyage-sur-mesure/recherche-voyage/voyage-italie,1,200.0,973.0,81.0,45.0,65.0,36.0,17103.0,315.0,23.0
voyage italie,9,https://www.fr.lastminute.com/sejour/it_italie,1,,,,,,0.0,0.0,0.0,0.0
voyage italie,10,https://www.routard.com/guide/code_dest/italie.htm,1,500.0,1089.0,69.0,16.0,63.0,36.0,797.0,0.0,0.0
voyage italie,11,https://www.tui.fr/voyage-italie/,1,200.0,70.0,78.0,59.0,71.0,1329.0,9821.0,144.0,21.0
voyage italie,12,https://www.tui.fr/voyages-italie/type-sejours/,1,200.0,39.0,79.0,58.0,71.0,976.0,8865.0,138.0,21.0
voyage italie,13,https://www.lidl-voyages.fr/serp.html?s_c.PRODUCT_TYPE=SEJOUR&s_c.DEST=ITA,1,200.0,20.0,62.0,18.0,60.0,1.0,53.0,45.0,17.0
voyage italie,14,https://www.voyagespirates.fr/destinations/italie,1,200.0,445.0,78.0,29.0,65.0,2225.0,3157.0,100.0,35.0
voyage italie,15,https://www.evaneos.fr/italie/,1,200.0,180.0,75.0,31.0,64.0,3441.0,3868.0,171.0,16.0
voyage italie,16,https://it.ambafrance.org/-Conseils-aux-voyageurs-1242-,1,,,45.0,12.0,,1.0,2.0,0.0,0.0
voyage italie,17,https://sejour.cdiscount.com/serp?s_c.de=eu.it,1,,,,,,1.0,0.0,0.0,0.0
voyage italie,18,https://www.voyage-prive.com/offres/voyage-en-italie,1,200.0,378.0,78.0,48.0,58.0,10.0,31436.0,173.0,16.0
voyage italie,19,https://www.voyage-prive.com/offres/derniere-minute-en-italie,1,200.0,202.0,65.0,34.0,,0.0,86.0,186.0,15.0
voyage italie,20,https://www.selectour.com/italie/sejour,1,200.0,27.0,72.0,25.0,,0.0,253.0,43.0,9.0
voyage italie,21,https://www.artsetvie.com/destination/europe/italie-sauf-sicile.html,1,200.0,2004.0,74.0,29.0,69.0,261.0,3294.0,182.0,4.0
voyage italie,22,https://www.smartbox.com/fr/voyage-en-italie/,1,200.0,2136.0,59.0,2.0,,0.0,13.0,219.0,2.0
voyage italie,23,https://www.clubmed.fr/d/europe/italie,1,200.0,394.0,75.0,54.0,,0.0,2622.0,155.0,19.0
voyage italie,24,https://voyage.gc.ca/destinations/italie,1,200.0,529.0,66.0,40.0,64.0,80.0,54.0,34.0,77.0
voyage italie,25,https://www.expedia.fr/Italie.d86.Reservation-Sejours-Voyages,1,403.0,0.0,64.0,22.0,,41.0,33.0,0.0,0.0
voyage italie,26,https://www.donatello.fr/,1,200.0,2246.0,73.0,33.0,65.0,1443.0,563.0,65.0,1.0
voyage italie,27,"https://www.partirpascher.com/voyage/vacances/sejour-italie-pas-cher,,125,/",1,200.0,1763.0,71.0,37.0,48.0,2.0,764.0,103.0,11.0
voyage italie,28,https://www.sncf-connect.com/tgv-inoui-italie,1,403.0,41.0,68.0,35.0,69.0,609.0,164.0,0.0,0.0
voyage italie,29,https://www.marcovasco.fr/europe/italie/,1,200.0,151.0,78.0,62.0,60.0,38.0,1392.0,61.0,0.0
voyage italie,30,https://www.ovoyages.com/voyages-italie,1,200.0,604.0,68.0,33.0,,0.0,89.0,87.0,5.0
voyage italie,31,"https://www.salaun-holidays.com/recherche-voyages,italie-0-93-0-0.html",1,200.0,366.0,62.0,25.0,54.0,4.0,117.0,50.0,23.0
voyage italie,32,https://www.voyage-italie.fr/,1,200.0,220.0,79.0,34.0,66.0,61.0,62983.0,26.0,3.0
voyage italie,33,https://www.intermedes.com/voyages-culturels/italie/,1,200.0,474.0,70.0,32.0,63.0,15.0,324.0,82.0,5.0
voyage italie,34,https://www.italie-authentique.com/,1,200.0,13.0,67.0,24.0,61.0,19.0,103.0,54.0,6.0
voyage italie,35,https://www.lefigaro.fr/voyages/dossier/selection-italie,1,200.0,26.0,38.0,24.0,,8.0,4.0,151.0,154.0
voyage italie,36,https://www.terdav.com/ps-italie/tp-circuit-accompagne,1,200.0,548.0,65.0,38.0,,0.0,19.0,117.0,2.0
voyage italie,37,https://gallica.bnf.fr/essentiels/voyage-italie,1,200.0,3726.0,54.0,6.0,,0.0,7.0,33.0,1.0
voyage italie,38,https://www.myluxurytravel.fr/voyages/sejour-italie/,1,200.0,2117.0,70.0,20.0,55.0,2.0,893.0,111.0,15.0
voyage italie,39,https://voyagesphilibert.fr/destination/voyage-italie/,1,200.0,673.0,73.0,22.0,,0.0,1294.0,139.0,2.0
voyage italie,40,https://www.verychic.fr/voyage/italie,1,200.0,87.0,73.0,33.0,60.0,16.0,5233.0,117.0,8.0
voyage italie covid,2,https://it.ambafrance.org/Coronavirus-Covid-19-situation-en-Italie-10236,0,200.0,161.0,71.0,49.0,69.0,179.0,4.0,63.0,16.0
voyage italie covid,3,https://it.ambafrance.org/-Conseils-aux-voyageurs-1242-,0,,,45.0,12.0,,1.0,2.0,0.0,0.0
voyage italie covid,4,https://voyage.gc.ca/destinations/italie,0,200.0,529.0,66.0,40.0,64.0,80.0,54.0,34.0,77.0
voyage italie covid,5,https://europa.eu/youreurope/citizens/travel/travel-and-covid/italy/index_fr.htm,0,,,,,,0.0,0.0,0.0,0.0
voyage italie covid,6,https://fr.euronews.com/voyages/2023/03/21/covid-quelles-sont-les-regles-pour-voyager-en-europe,1,,,55.0,33.0,,1.0,3.0,0.0,0.0
voyage italie covid,7,https://partir.ouest-france.fr/italie/covid-19,1,200.0,335.0,65.0,12.0,64.0,3.0,170.0,46.0,20.0
voyage italie covid,8,https://www.lechotouristique.com/article/voyage-en-italie-quelles-sont-les-formalites-dentree,1,200.0,166.0,69.0,36.0,46.0,2.0,3692.0,88.0,18.0
voyage italie covid,9,https://www.tourmag.com/Voyage-Italie-quelles-conditions-d-entree_a112158.html,1,200.0,274.0,63.0,19.0,38.0,1.0,134.0,118.0,26.0
voyage italie covid,10,http://diplomatie.belgium.be/fr/pays/italie/voyager-en-italie-conseils-aux-voyageurs/derniere-mise-jour-et-covid-19-en-italie,1,,,72.0,22.0,,0.0,1.0,0.0,0.0
voyage italie covid,11,https://www.lefigaro.fr/voyages/italie-voyage-covid-restrictions-passe-sanitaire-20220201,1,,,57.0,11.0,59.0,18.0,2.0,0.0,0.0
voyage italie covid,12,https://www.tcs.ch/fr/camping-voyages/informations-touristiques/news-actualites/corona/corona-italie.php,1,200.0,346.0,52.0,14.0,,2.0,52.0,152.0,33.0
voyage italie covid,13,https://www.eda.admin.ch/eda/fr/home/laender-reise-information/italien/reisehinweise-italien.html,1,200.0,1509.0,43.0,6.0,45.0,13.0,0.0,306.0,26.0
voyage italie covid,14,https://www.trenitalia.com/trenitalia-france/information-and-contacts/situation-sanitaire.html,1,200.0,133.0,54.0,17.0,,3.0,5.0,56.0,22.0
voyage italie covid,16,https://www.kayak.fr/restrictions-de-voyage/italie,1,200.0,701.0,64.0,19.0,41.0,71.0,9.0,7.0,39.0
voyage italie covid,17,https://www.routard.com/mag_info/italie.htm,1,500.0,92.0,,,,2.0,0.0,0.0,0.0
voyage italie covid,18,https://www.italie-authentique.com/agence-locale/mesures-sanitaires-coronavirus,1,200.0,818.0,67.0,22.0,,0.0,105.0,40.0,15.0
voyage italie covid,19,https://sante.journaldesfemmes.fr/fiches-maladies/2608487-voyage-covid-france-regles-mai-2023-etranger/,1,,,,,,1.0,0.0,0.0,0.0
voyage italie covid,20,https://www.partir-a-rome.com/preparer-sejour-rome/bon-a-savoir/covid-19-rome,1,200.0,106.0,64.0,25.0,,0.0,38.0,73.0,3.0
voyage italie covid,21,https://www.pasteur.fr/fr/centre-medical/preparer-son-voyage/italie,1,200.0,1772.0,59.0,32.0,58.0,5.0,1962.0,1605.0,23.0
voyage italie covid,22,https://apply.joinsherpa.com/travel-restrictions/ITA?language=fr-CA&originCountry=CAN&nationality=CAN&fullyVaccinated=false&affiliateId=sherpa,1,200.0,47.0,,,,0.0,0.0,0.0,0.0
voyage italie covid,23,https://www.mije.com/webinaires/voyage-scolaire-en-italie/covid,1,200.0,107.0,43.0,9.0,,0.0,4.0,84.0,5.0
voyage italie covid,24,https://www.parisaeroport.fr/passagers/les-vols/covid-19-voyager-en-toute-securite,1,200.0,182.0,75.0,61.0,,0.0,1091.0,103.0,12.0
voyage italie covid,25,https://wwws.airfrance.fr/information/covid-19,1,200.0,36.0,76.0,73.0,58.0,17.0,5028.0,27.0,19.0
voyage italie covid,26,https://www.tui.be/fr/italie-corona-mesures,1,403.0,20.0,,,,1.0,0.0,0.0,0.0
voyage italie covid,27,https://www.grimaldi-lines.com/fr/urgence-coronavirus-covid-19-informations-voyage/,1,200.0,167.0,66.0,17.0,,1.0,410.0,113.0,22.0
voyage italie covid,28,https://www.moorings.fr/covid19/conseils-aux-voyageurs/italie/sardaigne,1,200.0,2296.0,43.0,12.0,,0.0,2.0,72.0,13.0
voyage italie covid,29,https://www.europ-assistance.fr/fr/conseils/quelle-assurance-pour-un-voyage-en-italie,1,200.0,126.0,58.0,,60.0,1.0,0.0,0.0,0.0
voyage italie covid,30,https://www.tourdumondiste.com/coronavirus-dans-quels-pays-peut-on-voyager,1,200.0,915.0,76.0,38.0,76.0,1123.0,508.0,70.0,361.0
voyage italie covid,31,https://www.buchard.ch/faq/covid/,1,0.0,0.0,,,,0.0,0.0,0.0,0.0
voyage italie covid,32,https://www.easyjet.com/fr/covid-19-travel-hub/country-specific-restrictions-and-entry-requirements,1,200.0,296.0,60.0,26.0,59.0,12.0,2.0,50.0,33.0
voyage italie covid,33,https://www.assurance-voyage.axa-assistance.fr/conseils-infos/informations-pays/assurance-voyage-italie,1,200.0,189.0,62.0,28.0,,1.0,152.0,80.0,8.0
voyage italie covid,34,https://www.e-venise.com/coronavirus-covid-19-venise-italie.html,1,200.0,416.0,66.0,23.0,54.0,3.0,8.0,39.0,19.0
voyage italie covid,35,https://fr.ivisa.com/italy-schengen-visa,1,200.0,1366.0,70.0,53.0,,9.0,12.0,25.0,21.0
voyage italie covid,36,https://www.service-public.fr/particuliers/vosdroits/F35613,1,200.0,114.0,79.0,47.0,77.0,7057.0,29.0,45.0,24.0
voyage italie covid,37,https://www.tripadvisor.fr/ShowTopic-g187768-i20-k13811132-Covid-Italy.html,1,,,,,,0.0,0.0,0.0,0.0
voyage italie covid,38,https://www.barcelona-tourist-guide.com/fr/covid/destinations/covid-19-conditions-de-voyage-de-barcelone-a-l-italie.html,1,200.0,28.0,50.0,21.0,,0.0,6.0,51.0,11.0
voyage italie covid,39,https://www.allianz-voyage.fr/destinations/assurance-voyage-italie.html,1,200.0,94.0,58.0,39.0,,0.0,16.0,72.0,12.0
voyage italie covid,40,https://www.geo.fr/voyage/covid-19-litalie-annonce-de-nouvelles-mesures-restrictives-pour-les-personnes-non-vaccinees-207214,1,,,67.0,29.0,52.0,1.0,68.0,0.0,0.0
voyage italie pas cher,1,https://www.fram.fr/italie/sejour-vacances-voyage-italie-pas-cher-2/,0,200.0,653.0,75.0,44.0,73.0,369.0,2302.0,121.0,11.0
voyage italie pas cher,2,https://www.leclercvoyages.com/search?m_c.desti=IT,0,200.0,87.0,75.0,27.0,47.0,14.0,65900.0,867.0,15.0
voyage italie pas cher,3,https://www.fr.lastminute.com/sejour/it_italie,0,,,,,,0.0,0.0,0.0,0.0
voyage italie pas cher,4,https://www.promovacances.com/vacances-sejour-hotel/voyage-italie/,0,200.0,87.0,75.0,43.0,66.0,73.0,5697.0,97.0,18.0
voyage italie pas cher,5,https://voyages.carrefour.fr/serp?s_c.site=B2C&s_c.destination=MCBM.IT,0,302.0,312.0,43.0,,,0.0,4.0,0.0,0.0
voyage italie pas cher,6,https://sejour.cdiscount.com/serp?s_c.de=eu.it,1,,,,,,1.0,0.0,0.0,0.0
voyage italie pas cher,7,https://www.voyagespirates.fr/destinations/italie,1,200.0,445.0,78.0,29.0,65.0,2225.0,3157.0,100.0,35.0
voyage italie pas cher,8,"https://www.partirpascher.com/voyage/vacances/sejour-italie-pas-cher,,125,/",1,200.0,1763.0,71.0,37.0,48.0,2.0,764.0,103.0,11.0
voyage italie pas cher,9,https://www.officiel-des-vacances.com/italie-0,1,200.0,1467.0,71.0,25.0,57.0,8.0,1828.0,132.0,7.0
voyage italie pas cher,10,https://www.expedia.fr/Italie.d86.Reservation-Sejours-Voyages,1,403.0,0.0,64.0,22.0,,41.0,33.0,0.0,0.0
voyage italie pas cher,11,https://www.destinationpaschere.com/destinations-pas-cheres-ou-partir-en-italie/,1,406.0,639.0,,,,0.0,0.0,0.0,0.0
voyage italie pas cher,12,https://www.lidl-voyages.fr/serp.html?s_c.PRODUCT_TYPE=SEJOUR&s_c.DEST=ITA,1,200.0,20.0,62.0,18.0,60.0,1.0,53.0,45.0,17.0
voyage italie pas cher,13,https://www.kayak.fr/sejours/italie,1,200.0,16.0,71.0,24.0,,16.0,140.0,62.0,16.0
voyage italie pas cher,14,https://www.selectour.com/italie/sejour,1,200.0,27.0,72.0,25.0,,0.0,253.0,43.0,9.0
voyage italie pas cher,15,https://www.tui.fr/voyages-italie/type-sejours/,1,200.0,39.0,79.0,58.0,71.0,976.0,8865.0,138.0,21.0
voyage italie pas cher,16,https://www.monde-du-voyage.com/italie/sejour.php,1,200.0,989.0,77.0,36.0,,0.0,3394.0,466.0,9.0
voyage italie pas cher,17,https://www.abritel.fr/guides-voyage/destinations/locations-vacances-europe/italie-vacances-pas-cheres,1,200.0,379.0,56.0,28.0,,0.0,9.0,69.0,12.0
voyage italie pas cher,18,https://www.ovoyages.com/voyages-italie,1,200.0,604.0,68.0,33.0,,0.0,89.0,87.0,5.0
voyage italie pas cher,19,https://www.voyage-prive.com/offres/voyage-en-italie,1,200.0,378.0,78.0,48.0,58.0,10.0,31436.0,173.0,16.0
voyage italie pas cher,20,https://www.comparateurdevoyages.com/vacances/selection/tags/italie/,1,200.0,670.0,72.0,29.0,,0.0,1169.0,141.0,1.0
voyage italie pas cher,21,https://www.enfant-en-voyage.com/italie-en-famille-avec-enfants-vacances-et-voyage/,1,200.0,96.0,56.0,14.0,,1.0,97.0,78.0,28.0
voyage italie pas cher,22,https://www.ecotour.com/voyage/italie-p30,1,200.0,100.0,71.0,20.0,60.0,5.0,986.0,62.0,9.0
voyage italie pas cher,23,https://www.promosejours.com/searchProducts?c.de=bm.it,1,200.0,195.0,68.0,12.0,,0.0,1.0,50.0,1.0
voyage italie pas cher,24,https://www.partirdesuite.com/location/italie/,1,200.0,482.0,72.0,19.0,55.0,2.0,712.0,163.0,3.0
voyage italie pas cher,25,https://www.sncf-connect.com/week-end/italie,1,403.0,43.0,67.0,28.0,68.0,606.0,164.0,0.0,0.0
voyage italie pas cher,26,https://www.radins.com/voyages/sejours/voyage-italie-pas-cher/17187,1,200.0,253.0,63.0,30.0,60.0,1.0,59.0,92.0,4.0
voyage italie pas cher,27,https://www.routard.com/mag_week_end/dest/italie.htm,1,500.0,41.0,,,,0.0,0.0,0.0,0.0
voyage italie pas cher,28,https://www.showroomprive.com/ventes-privees/voyage-italie.aspx,1,200.0,227.0,70.0,34.0,51.0,1.0,920.0,399.0,1.0
voyage italie pas cher,29,https://www.havas-voyages.fr/sejour/italie,1,200.0,823.0,69.0,13.0,60.0,14.0,1336.0,25.0,10.0
voyage italie pas cher,30,https://www.sunweb.be/fr/vacances/italie,1,200.0,511.0,56.0,6.0,49.0,28.0,249.0,171.0,15.0
voyage italie pas cher,31,https://www.alibabuy.com/sejour/italie.html,1,200.0,184.0,80.0,55.0,60.0,1.0,3215.0,97.0,0.0
voyage italie pas cher,32,https://fr.corendon.be/italie,1,200.0,384.0,73.0,40.0,,100.0,3400.0,107.0,12.0
voyage italie pas cher,33,https://www.skyscanner.fr/vols-a/it/vols-pas-chers-a-italie.html,1,307.0,77.0,59.0,0.0,46.0,1.0,5.0,1.0,0.0
voyage italie pas cher,34,https://wwws.airfrance.fr/fr-fr/vols-pour-italie,1,200.0,150.0,65.0,33.0,65.0,95.0,191.0,28.0,81.0
voyage italie pas cher,35,https://www.govoyages.com/sejours/rome/,1,200.0,13.0,73.0,24.0,,0.0,12.0,8.0,0.0
voyage italie pas cher,36,https://www.ou-et-quand.net/budget/italie/,1,200.0,86.0,73.0,15.0,,0.0,1413.0,64.0,7.0
voyage italie pas cher,37,https://www.easyvoyage.com/voyages/sejours/italie,1,200.0,79.0,74.0,36.0,,0.0,103.0,52.0,1.0
voyage italie pas cher,38,https://www.omio.fr/bus/italie,1,403.0,27.0,81.0,20.0,,13.0,45729.0,0.0,0.0
voyage italie pas cher,39,https://www.thetrainline.com/fr/destinations/trains-pour-italie,1,200.0,147.0,65.0,30.0,,0.0,456.0,221.0,14.0
voyage italie pas cher,40,https://www.airtransat.com/fr-CA/vols-pas-chers-du-canada/vers-italie,1,200.0,1463.0,59.0,0.0,,0.0,22.0,192.0,22.0
voyage italie tout compris,1,https://www.leclercvoyages.com/search?m_c.desti=IT,0,200.0,87.0,75.0,27.0,47.0,14.0,65900.0,867.0,15.0
voyage italie tout compris,2,"https://www.promovacances.com/vacances/vacances-et-sejours/voyage-tout-inclus-italie/theme,7/pays,125/ville,/",0,200.0,24.0,62.0,31.0,,0.0,36.0,113.0,16.0
voyage italie tout compris,3,https://www.fram.fr/italie/sejour-vacances-tout-compris-voyage-all-inclusive-italie-2/,0,200.0,22.0,59.0,29.0,,1.0,59.0,115.0,11.0
voyage italie tout compris,4,https://www.tripadvisor.fr/HotelsList-Italie-Resort-All-Inclusive-zfp7799909.html,0,,,54.0,25.0,,4.0,12.0,0.0,0.0
voyage italie tout compris,5,https://voyages.carrefour.fr/accueil/sejour-etranger/europe/italie,0,302.0,313.0,47.0,11.0,,0.0,9.0,0.0,0.0
voyage italie tout compris,6,https://www.havas-voyages.fr/rid_sejour-tout-compris-italie/sej-IT-0-AllInclusive-0-0.html,1,0.0,3661007586.0,,,,0.0,0.0,0.0,0.0
voyage italie tout compris,7,https://www.selectour.com/italie/sejour-tout-compris,1,200.0,26.0,61.0,16.0,,0.0,149.0,35.0,9.0
voyage italie tout compris,8,https://www.tui.fr/voyages-italie/theme-tout-compris/,1,200.0,47.0,59.0,36.0,56.0,1.0,48.0,138.0,21.0
voyage italie tout compris,9,"https://www.partirpascher.com/voyage/sejour/voyage-tout-compris-italie-pas-cher,7,125,/",1,200.0,52.0,52.0,17.0,,1.0,36.0,98.0,11.0
voyage italie tout compris,10,https://www.expedia.fr/lp/theme-vacances/vacances-tout-compris/86/Italie,1,,,,,,0.0,0.0,0.0,0.0
voyage italie tout compris,11,https://www.clubmed.fr/d/europe/italie,1,200.0,394.0,75.0,54.0,,0.0,2622.0,155.0,19.0
voyage italie tout compris,12,https://www.fr.lastminute.com/sejour/it_italie,1,,,,,,0.0,0.0,0.0,0.0
voyage italie tout compris,13,https://www.comparateurdevoyages.com/vacances/selection/tags/italie/,1,200.0,670.0,72.0,29.0,,0.0,1169.0,141.0,1.0
voyage italie tout compris,14,https://www.jettours.com/cs/sejour-italie,1,200.0,157.0,40.0,4.0,,0.0,40.0,212.0,2.0
voyage italie tout compris,15,https://sejour.cdiscount.com/serp?s_c.de=eu.it,1,,,,,,1.0,0.0,0.0,0.0
voyage italie tout compris,16,https://www.ovoyages.com/voyages-italie,1,200.0,604.0,68.0,33.0,,0.0,89.0,87.0,5.0
voyage italie tout compris,17,https://www.ecotour.com/sejour-tout-compris/vacances-tout-inclus/voyage-all-inclusive-italie-p30/,1,200.0,100.0,57.0,,54.0,1.0,3.0,57.0,9.0
voyage italie tout compris,18,https://www.voyage-prive.com/offres/week-end-en-italie,1,200.0,379.0,69.0,36.0,,0.0,1541.0,163.0,15.0
voyage italie tout compris,19,https://www.fti-voyages.fr/top-destinations/voyage-en-italie,1,200.0,475.0,62.0,36.0,,0.0,331.0,82.0,8.0
voyage italie tout compris,20,https://www.officiel-des-vacances.com/italie,1,200.0,2031.0,84.0,39.0,60.0,119.0,23796.0,154.0,6.0
voyage italie tout compris,21,https://www.donatello.fr/sejours/,1,200.0,1645.0,71.0,24.0,60.0,1.0,562.0,87.0,1.0
voyage italie tout compris,22,https://www.quartier-libre.fr/circuits-italie-voyages-printemps-ete,1,200.0,327.0,61.0,29.0,,0.0,213.0,40.0,10.0
voyage italie tout compris,23,https://www.321voyages.com/sejours/italie/formule-tout-compris,1,200.0,122.0,59.0,20.0,,0.0,1.0,83.0,9.0
voyage italie tout compris,24,https://vacations.aircanada.com/fr/toutes-les-destinations/europe/italie,1,200.0,424.0,54.0,13.0,44.0,1.0,15.0,100.0,15.0
voyage italie tout compris,25,https://www.voyages-groupes-transgallia.com/destination-1151/europe/voyage-groupe-italie.html,1,200.0,961.0,75.0,22.0,59.0,4.0,2737.0,190.0,7.0
voyage italie tout compris,26,https://generationvoyage.fr/visiter/italie/voyages-tout-compris/,1,200.0,67.0,62.0,27.0,,4.0,90.0,135.0,7.0
voyage italie tout compris,27,https://www.monde-du-voyage.com/italie/sejour.php,1,200.0,989.0,77.0,36.0,,0.0,3394.0,466.0,9.0
voyage italie tout compris,28,https://www.partirdesuite.com/location/italie/,1,200.0,482.0,72.0,19.0,55.0,2.0,712.0,163.0,3.0
voyage italie tout compris,29,https://www.monagence.com/voyages/all-inclusive/italie/IT,1,200.0,3528.0,53.0,4.0,54.0,1.0,1.0,45.0,6.0
voyage italie tout compris,30,https://www.abritel.fr/d/village-vacances/26545/italie,1,,,44.0,1.0,,1.0,9.0,0.0,0.0
voyage italie tout compris,31,https://www.promosejours.com/searchProducts?c.de=bm.it,1,200.0,195.0,68.0,12.0,,0.0,1.0,50.0,1.0
voyage italie tout compris,32,https://www.vacancesitaliehotel.com/types-de-vacances/offres-hotel-tout-compris-italie/,1,200.0,4105.0,65.0,,,0.0,63.0,56.0,2.0
voyage italie tout compris,33,https://www.clubcoralia.fr/italie/searchProduct?de=bm.it,1,200.0,887.0,59.0,17.0,,1.0,1260.0,247.0,4.0
voyage italie tout compris,34,https://perraudvoyages.com/tour-destination/voyage-organise-italie-sardaigne-sicile/,1,200.0,143.0,70.0,24.0,,0.0,536.0,89.0,5.0
voyage italie tout compris,35,https://www.evaneos.fr/italie/,1,200.0,180.0,75.0,31.0,64.0,3441.0,3868.0,171.0,16.0
voyage italie tout compris,36,https://www.sunweb.be/fr/vacances/italie,1,200.0,511.0,56.0,6.0,49.0,28.0,249.0,171.0,15.0
voyage italie tout compris,37,https://www.transat.com/fr-CA/destinations/europe/italie,1,200.0,764.0,73.0,26.0,24.0,14.0,4435.0,125.0,33.0
voyage italie tout compris,38,https://www.alibabuy.com/sejour/italie/depart-de-bordeaux.html,1,200.0,154.0,67.0,39.0,,0.0,57.0,78.0,0.0
voyage italie tout compris,39,"https://www.salaun-holidays.com/recherche-autocar,italie-1417-93-0-0.html",1,200.0,359.0,51.0,10.0,,0.0,44.0,52.0,23.0
voyage italie tout compris,40,https://www.lidl-voyages.fr/serp.html?s_c.PRODUCT_TYPE=SEJOUR&s_c.DEST=ITA,1,200.0,20.0,62.0,18.0,60.0,1.0,53.0,45.0,17.0
voyager en italie,2,https://it.ambafrance.org/-Conseils-aux-voyageurs-1242-,0,,,45.0,12.0,,1.0,2.0,0.0,0.0
voyager en italie,3,https://it.ambafrance.org/Coronavirus-Covid-19-situation-en-Italie-10236,0,200.0,161.0,71.0,49.0,69.0,179.0,4.0,63.0,16.0
voyager en italie,4,https://www.routard.com/guide/code_dest/italie.htm,0,500.0,1089.0,69.0,16.0,63.0,36.0,797.0,0.0,0.0
voyager en italie,5,https://voyage.gc.ca/destinations/italie,0,200.0,529.0,66.0,40.0,64.0,80.0,54.0,34.0,77.0
voyager en italie,6,https://www.maisonsduvoyage.com/europe/italie,1,200.0,152.0,82.0,68.0,69.0,42.0,10095.0,252.0,4.0
voyager en italie,7,https://www.voyageursdumonde.fr/voyage-sur-mesure/recherche-voyage/voyage-italie,1,200.0,973.0,81.0,45.0,65.0,36.0,17103.0,315.0,23.0
voyager en italie,8,https://www.italie-authentique.com/conseils-voyage,1,200.0,10.0,66.0,22.0,,0.0,104.0,54.0,2.0
voyager en italie,9,https://www.comptoirdesvoyages.fr/voyage-pays/italie/ita,1,200.0,182.0,82.0,42.0,66.0,14.0,8759.0,173.0,0.0
voyager en italie,10,https://europa.eu/youreurope/citizens/travel/travel-and-covid/italy/index_fr.htm,1,,,,,,0.0,0.0,0.0,0.0
voyager en italie,11,https://www.fr.lastminute.com/sejour/it_italie,1,,,,,,0.0,0.0,0.0,0.0
voyager en italie,12,https://www.leclercvoyages.com/search?m_c.desti=IT,1,200.0,87.0,75.0,27.0,47.0,14.0,65900.0,867.0,15.0
voyager en italie,13,https://partir.ouest-france.fr/italie,1,,,63.0,7.0,,4.0,609.0,0.0,0.0
voyager en italie,14,https://www.donatello.fr/,1,200.0,2246.0,73.0,33.0,65.0,1443.0,563.0,65.0,1.0
voyager en italie,15,https://www.fram.fr/italie/sejour-vacances-voyage-italie-pas-cher-2/,1,200.0,653.0,75.0,44.0,73.0,369.0,2302.0,121.0,11.0
voyager en italie,16,https://www.lechotouristique.com/article/voyage-en-italie-quelles-sont-les-formalites-dentree,1,200.0,166.0,69.0,36.0,46.0,2.0,3692.0,88.0,18.0
voyager en italie,17,https://voyages.carrefour.fr/accueil/sejour-etranger/europe/italie,1,302.0,313.0,47.0,11.0,,0.0,9.0,0.0,0.0
voyager en italie,18,https://www.evaneos.fr/italie/,1,200.0,180.0,75.0,31.0,64.0,3441.0,3868.0,171.0,16.0
voyager en italie,19,https://www.tourmag.com/Voyage-Italie-quelles-conditions-d-entree_a112158.html,1,200.0,274.0,63.0,19.0,38.0,1.0,134.0,118.0,26.0
voyager en italie,20,https://www.voyage-prive.com/offres/voyage-en-italie,1,200.0,378.0,78.0,48.0,58.0,10.0,31436.0,173.0,16.0
voyager en italie,21,https://www.tui.fr/voyage-italie/,1,200.0,70.0,78.0,59.0,71.0,1329.0,9821.0,144.0,21.0
voyager en italie,22,https://www.bouger-voyager.com/voyages/europe/italie/,1,200.0,334.0,76.0,29.0,52.0,2.0,10363.0,84.0,4.0
voyager en italie,23,https://www.guidesulysse.com/fr/fiche-contenu.aspx?id=100584,1,200.0,650.0,62.0,8.0,,0.0,3.0,70.0,6.0
voyager en italie,24,https://www.partir.com/Italie/,1,200.0,143.0,67.0,21.0,52.0,6.0,455.0,19.0,8.0
voyager en italie,25,https://www.lefigaro.fr/voyages/dossier/italie,1,0.0,0.0,68.0,58.0,64.0,501.0,1020.0,0.0,0.0
voyager en italie,26,https://www.promovacances.com/vacances-sejour-hotel/voyage-italie/,1,200.0,87.0,75.0,43.0,66.0,73.0,5697.0,97.0,18.0
voyager en italie,27,http://diplomatie.belgium.be/fr/pays/italie/voyager-en-italie-conseils-aux-voyageurs/derniere-mise-jour-et-covid-19-en-italie,1,,,72.0,22.0,,0.0,1.0,0.0,0.0
voyager en italie,28,https://www.clubmed.fr/d/europe/italie,1,200.0,394.0,75.0,54.0,,0.0,2622.0,155.0,19.0
voyager en italie,29,https://www.altiplano-voyage.com/europe/italie/,1,200.0,473.0,77.0,33.0,56.0,12.0,7000.0,93.0,9.0
voyager en italie,30,https://www.eda.admin.ch/eda/fr/home/laender-reise-information/italien/reisehinweise-italien.html,1,200.0,1509.0,43.0,6.0,45.0,13.0,0.0,306.0,26.0
voyager en italie,31,https://www.international.gc.ca/country-pays/italy-italie/index.aspx?lang=fra,1,,,75.0,10.0,76.0,86.0,1.0,0.0,0.0
voyager en italie,32,https://www.tcs.ch/fr/camping-voyages/informations-touristiques/news-actualites/corona/corona-italie.php,1,200.0,346.0,52.0,14.0,,2.0,52.0,152.0,33.0
voyager en italie,33,https://www.allianz-voyage.fr/conseils-voyage/voyager-a-l-etranger/passeport-italie.html,1,200.0,38.0,58.0,28.0,,0.0,81.0,77.0,15.0
voyager en italie,34,https://www.lonelyplanet.fr/destinations/europe/italie,1,200.0,13.0,71.0,37.0,58.0,24.0,1681.0,124.0,10.0
voyager en italie,35,https://www.enfant-en-voyage.com/italie-en-famille-avec-enfants-vacances-et-voyage/,1,200.0,96.0,56.0,14.0,,1.0,97.0,78.0,28.0
voyager en italie,36,https://www.alexmjonthego.com/blog-on-the-go/4-semaines-en-italie,1,200.0,657.0,50.0,5.0,,0.0,29.0,70.0,49.0
voyager en italie,37,https://fr.euronews.com/voyages/2023/03/21/covid-quelles-sont-les-regles-pour-voyager-en-europe,1,,,55.0,33.0,,1.0,3.0,0.0,0.0
voyager en italie,38,https://www.terdav.ca/ps-italie/voyage-italie/quand-partir-italie,1,200.0,38.0,61.0,4.0,63.0,3.0,5.0,88.0,5.0
voyager en italie,39,https://www.copinesdevoyage.com/blog/voyager-seule/en-italie,1,200.0,367.0,55.0,15.0,,0.0,32.0,29.0,9.0
voyager en italie,40,https://www.marathon-des-langues.com/expressions-voyager-italie/,1,200.0,1277.0,62.0,6.0,60.0,1.0,17.0,19.0,19.0
