,Keyword,Position,Url,Top10,HTTP code BABBAR,TTFB (en ms) BABBAR,Page Value BABBAR,Page Trust BABBAR,Semantic Value BABBAR,Backlinks BABBAR,Backlinks host BABBAR,Host Outlinks BABBAR,Outlinks BABBAR,Score_1fr,SOSEO yourtext_guru,DSEO yourtext_guru,Content Type,Status Code,Status,Indexability_x,Indexability Status_x,Title 1,Title 1 Length,Title 1 Pixel Width,Title 2,Title 2 Length,Title 2 Pixel Width,Meta Description 1,Meta Description 1 Length,Meta Description 1 Pixel Width,Meta Keywords 1,Meta Keywords 1 Length,H1-1,H1-1 Length,H1-2,H1-2 Length,H2-1,H2-1 Length,H2-2,H2-2 Length,Meta Robots 1,X-Robots-Tag 1,Meta Refresh 1,Canonical Link Element 1,"rel=""next"" 1","rel=""prev"" 1","HTTP rel=""next"" 1","HTTP rel=""prev"" 1",amphtml Link Element,Size (bytes),Transferred (bytes),Word Count,Sentence Count,Average Words Per Sentence,Flesch Reading Ease Score,Readability,Text Ratio,Crawl Depth,Folder Depth,Link Score,Inlinks,Unique Inlinks,Unique JS Inlinks,% of Total,Outlinks,Unique Outlinks,Unique JS Outlinks,External Outlinks,Unique External Outlinks,Unique External JS Outlinks,Closest Similarity Match,No. Near Duplicates,Spelling Errors,Grammar Errors,Hash,Response Time,Last Modified,Redirect URL,Redirect Type,Cookies,HTTP Version,URL Encoded Address,Crawl Timestamp,Errors,Warnings,Total Types,Unique Types,Type-1,Indexability_y,Indexability Status_y,Title 1 score,Meta Description 1 score,Meta Keywords 1 score,H1-1 score,H1-2 score,H2-1 score,H2-2 score,Meta Robots 1 score,Url score
0,Hôtel,1,https://fr.hotels.com/,0,200.0,1097.0,80.0,50.0,71.0,2023.0,14573.0,54.0,64.0,,,,text/html; charset=utf-8,200.0,OK,Indexable,,"Hotels.com - Promotions et réductions sur vos réservations d’hôtels, du luxe à l’économique",91.0,817.0,,0.0,0.0,"Hotels.com FRANCE - Réservez des chambres dans des hôtels de luxe ou des hôtels pour les budgets limités. Lisez les avis impartiaux des voyageurs, situez les hôtels sur le plan et regardez les photos de qualité. Réservez votre chambre d’hôtel des aujourd’hui et faites des économies avec notre Garantie de prix.",311.0,1906.0,,0.0,Où voulez-vous partir ?,23.0,,0.0,Les membres connectés économisent 10 % minimum sur plus de 100 000 hôtels dans le monde.,88.0,10 hôtels irrésistibles,23.0,,,,https://fr.hotels.com/,,,,,,1788049.0,250583.0,1754.0,461.0,0,0,Very Easy,0,0.0,0.0,,5.0,2.0,0.0,0,183.0,161.0,0.0,8.0,8.0,0.0,,,,,6750f20ae81ee482dd849f755112c2a9,0,,,,,1.1,https://fr.hotels.com/,2024-02-07 17:10:12,0.0,0.0,0.0,0.0,,Indexable,,0,0,0,0,0,0,0,0,0
1,Hôtel,2,https://www.trivago.fr/,0,200.0,629.0,82.0,49.0,73.0,3351.0,19469.0,301.0,67.0,,218.0,85.0,text/html; charset=utf-8,200.0,OK,Indexable,,trivago.fr - Comparez les prix des hôtels et des hébergements dans le monde entier,82.0,743.0,,0.0,0.0,"Comparez les prix, photos et avis de millions d´hôtels et d´hébergements et trouvez votre offre idéale. Gagnez du temps et de l´argent grâce à notre comparateur trivago.fr",171.0,1045.0,,0.0,Nous comparons les prix d’hôtels de centaines de sites,54.0,,0.0,"Nous recherchons, vous économisez.",34.0,Nos partenaires,15.0,,,,https://www.trivago.fr/,,,,,,495969.0,79262.0,4914.0,1345.0,0,0,Very Easy,0,0.0,0.0,,5.0,2.0,0.0,0,916.0,307.0,0.0,169.0,65.0,0.0,,,,,a8219b3c594ac57966d002fe27f8285f,0,,,,,1.1,https://www.trivago.fr/,2024-02-07 17:10:11,0.0,0.0,0.0,0.0,,Indexable,,0,0,0,0,0,0,0,0,0
2,Hôtel,3,https://www.fr.lastminute.com/hotel/,0,200.0,1052.0,81.0,23.0,72.0,1796.0,19238.0,77.0,11.0,37.0,,,text/html; charset=UTF-8,403.0,Forbidden,Non-Indexable,Client Error,,0.0,0.0,,0.0,0.0,,0.0,0.0,,0.0,,0.0,,0.0,,0.0,,0.0,,,,,,,,,,0.0,0.0,0.0,,0,0,,0,0.0,1.0,,0.0,0.0,0.0,0,0.0,0.0,0.0,0.0,0.0,0.0,,,,,,0,,,,,1.1,https://www.fr.lastminute.com/hotel/,2024-02-07 17:10:10,,,,,,,,0,0,0,0,0,0,0,0,0
3,Hôtel,4,https://www.booking.com/index.fr.html,0,200.0,2688.0,87.0,82.0,86.0,85819.0,10068.0,230.0,32.0,49.0,,,text/html; charset=UTF-8,200.0,OK,Indexable,,"Booking.com | Site officiel | Hôtels, vols, voitures de location et hébergements",80.0,691.0,,0.0,0.0,"Avec Booking.com, économisez sur les hôtels, maisons, vols, voitures de location, taxis et attractions. Des voyages parfaits pour tous les budgets.",147.0,897.0,"hébergement, logement, Hôtel, Hôtels, Offres spéciales, promotions, offres week-ends, Prix compétitifs, réductions, prix bon marché",131.0,Trouvez votre prochain séjour,29.0,,0.0,Profitez de réductions immédiates,33.0,Trouvez des idées pour votre prochain voyage Plus,49.0,"index,follow",,,https://www.booking.com/index.fr.html,,,,,,522217.0,157006.0,816.0,163.0,0,0,Fairly Easy,0,0.0,0.0,,14.0,3.0,0.0,0,202.0,191.0,0.0,3.0,3.0,0.0,,,,,952ade5ff345f27aaa8b1ecf9789a14b,0,,,,,1.1,https://www.booking.com/index.fr.html,2024-02-07 17:10:11,0.0,0.0,0.0,0.0,,Indexable,,0,0,0,0,0,0,0,0,0
4,Hôtel,5,https://www.skyscanner.fr/hotels,0,307.0,135.0,64.0,,60.0,53.0,151.0,1.0,0.0,,7.0,0.0,text/html; charset=utf-8,200.0,OK,Indexable,,Hôtels | Comparez les offres d'hôtel les moins chères | Skyscanner,66.0,591.0,,0.0,0.0,"Vous cherchez un hôtel pas cher ? Comparez plus de 1,8 million d'offres d'hôtels et d'hébergements avec Skyscanner. Recherchez, comparez et réservez instantanément.",164.0,1037.0,,0.0,Trouvez l'hôtel de vos rêves dès aujourd'hui,44.0,,0.0,Économisez sur votre prochain séjour,36.0,Trouvez les prix les plus intéressants parmi les meilleurs fournisseurs d'hôtels.,81.0,,,,https://www.skyscanner.fr/hotels,,,,,,196600.0,45473.0,223.0,70.0,0,0,Fairly Easy,0,0.0,0.0,,3.0,1.0,0.0,0,63.0,53.0,0.0,29.0,29.0,0.0,,,,,683e216a6135712a6829d19391c9298a,0,,,,,1.1,https://www.skyscanner.fr/hotels,2024-02-07 17:10:14,0.0,0.0,0.0,0.0,,Indexable,,0,0,0,0,0,0,0,0,0
5,Hôtel,6,https://www.expedia.fr/Hotels,0,200.0,1737.0,86.0,49.0,75.0,4441.0,135936.0,128.0,51.0,21.0,,,text/html; charset=utf-8,200.0,OK,Indexable,,Offres Hôtels Expedia.fr: Réservation de votre hôtel pas cher,61.0,538.0,,0.0,0.0,"Découvrez nos meilleures offres, promos & réductions sur des milliers d'hôtels, du luxe à l’économique. Annulation gratuite sur la plupart des hôtels.",150.0,904.0,,0.0,,0.0,,0.0,Les membres connectés économisent 10 % minimum sur plus de 100 000 hôtels dans le monde.,88.0,Idées pour votre prochain voyage,32.0,"index,follow",,,https://www.expedia.fr/Hotels,,,,,,1550185.0,249480.0,1385.0,245.0,0,0,Fairly Easy,0,0.0,0.0,,5.0,2.0,0.0,0,144.0,130.0,0.0,8.0,8.0,0.0,,,,,61584b09cfefe1e9841b3c00cc9db782,0,,,,,1.1,https://www.expedia.fr/Hotels,2024-02-07 17:10:07,0.0,0.0,0.0,0.0,,Indexable,,0,0,0,0,0,0,0,0,0
6,Hôtel,7,https://www.kayak.fr/hotels,0,200.0,220.0,87.0,58.0,82.0,65656.0,119979.0,246.0,63.0,70.0,95.0,26.0,text/html;charset=UTF-8,200.0,OK,Indexable,,Hôtels : Comparaison et réservation d'hôtels pas chers | KAYAK,62.0,565.0,,0.0,0.0,KAYAK effectue ses recherches sur des centaines de sites de voyage pour que vous puissiez trouver l'hôtel idéal au meilleur prix. Consultez des millions d'avis certifiés sur les hôtels du monde entier.,201.0,1204.0,,0.0,Trouvez et comparez des offres d’hôtels,39.0,,0.0,Cherchez sur des centaines de sites de voyage à la fois et trouvez des offres d'hôtels,86.0,Trouvez un hôtel au meilleur prix dans l’une de ces destinations,64.0,"index,follow",,,https://www.kayak.fr/hotels,,,,,,424151.0,85037.0,3294.0,529.0,0,0,Very Easy,0,0.0,0.0,,14.0,2.0,0.0,0,264.0,249.0,0.0,89.0,61.0,0.0,,,,,69d71c9e1824a2ff1645710007a35a21,0,,,,,1.1,https://www.kayak.fr/hotels,2024-02-07 17:10:07,0.0,0.0,0.0,0.0,,Indexable,,0,0,0,0,0,0,0,0,0
7,Hôtel,8,https://www.hotel-bb.com/fr,0,403.0,17.0,81.0,68.0,78.0,13566.0,647.0,0.0,0.0,50.0,27.0,2.0,text/html; charset=UTF-8,200.0,OK,Indexable,,B&B HOTELS : réservez un hôtel en France et en Europe | Site web officiel,73.0,652.0,,0.0,0.0,Réservez votre hôtel dès maintenant sur notre site et profitez des meilleurs prix B&B HOTELS en France et en Europe avec nos promotions exclusives !,148.0,919.0,,0.0,,0.0,,0.0,Services,8.0,,0.0,"index, follow",,,https://www.hotel-bb.com/fr,,,,,,173425.0,28436.0,1804.0,513.0,0,0,Very Easy,0,0.0,0.0,,93.0,1.0,0.0,0,387.0,226.0,0.0,11.0,10.0,0.0,,,,,3783881a1b7dccee4bb20efe38399ff9,0,"Wed, 07 Feb 2024 15:08:27 GMT",,,,1.1,https://www.hotel-bb.com/fr,2024-02-07 17:10:08,0.0,0.0,0.0,0.0,,Indexable,,0,0,0,0,0,0,0,0,0
8,Hôtel,9,https://www.agoda.com/fr-fr/,0,200.0,341.0,65.0,17.0,61.0,191.0,1.0,0.0,0.0,1.0,,,text/html; charset=utf-8,200.0,OK,Indexable,,,0.0,0.0,,0.0,0.0,,0.0,0.0,,0.0,,0.0,,0.0,,0.0,,0.0,,,,,,,,,,187315.0,52807.0,0.0,,0,0,,0,0.0,1.0,,0.0,0.0,0.0,0,0.0,0.0,0.0,0.0,0.0,0.0,,,,,1310ae28e714cca6872f6fb1620b85e1,0,,,,,1.1,https://www.agoda.com/fr-fr/,2024-02-07 17:10:07,0.0,0.0,0.0,0.0,,Indexable,,0,0,0,0,0,0,0,0,0
9,Hôtel,10,https://fr.wikipedia.org/wiki/H%C3%B4tel,0,,,71.0,66.0,67.0,546.0,15.0,0.0,0.0,76.0,59.0,16.0,,,,,,,,,,,,,,,,,,,,,,,,,,,,,,,,,,,,,,0,0,,0,,,,,,,0,,,,,,,,,,,,0,,,,,,,,,,,,,,,0,0,0,0,0,0,0,0,0
10,Hôtel,11,https://fr.hotels.com/co10233055/hotels-en-france/,1,200.0,3810.0,75.0,30.0,49.0,39.0,5598.0,8.0,59.0,,,,text/html; charset=utf-8,200.0,OK,Indexable,,Les meilleurs hôtels en France | Hotels.com,43.0,390.0,,0.0,0.0,"Trouvez les meilleurs hôtels en France. Découvrez  offres attractives d'hôtels : comparez prix, avis et disponibilités sur Hotels.com.",134.0,794.0,,0.0,Réservez un hôtel en France,27.0,,0.0,Les membres connectés économisent 10 % minimum sur plus de 100 000 hôtels dans le monde.,88.0,"Avec Hotels.com, c’est facile et avantageux. Toujours.",54.0,"index,follow",,,https://fr.hotels.com/co10233055/hotels-en-france/,,,,,,2850518.0,371785.0,3317.0,962.0,0,0,Very Easy,0,0.0,2.0,,6.0,1.0,0.0,0,288.0,250.0,0.0,8.0,8.0,0.0,,,,,a5782f01d9e9fc37127931ae105c83a4,0,,,,,1.1,https://fr.hotels.com/co10233055/hotels-en-france/,2024-02-07 17:10:08,0.0,0.0,0.0,0.0,,Indexable,,0,0,0,0,0,0,0,0,0
11,Hôtel,12,https://www.bestwestern.fr/,1,200.0,214.0,87.0,53.0,85.0,46024.0,14294.0,32.0,18.0,49.0,,,text/html;charset=UTF-8,200.0,OK,Indexable,,Réservation hôtel en ligne - Best Western,41.0,367.0,,0.0,0.0,Séjour en famille ou d'affaires ? En ville ou en bord de mer ? Réservez votre chambre d'hôtel Best Western dans l'un de nos 4000 hôtels dans le monde.,150.0,916.0,"hotel, hotels, hotel best western, hotels best western, hotel 3 etoiles, hotel 4 etoiles, hotel 5 etoiles, hotels 3 etoiles, hotels 4 etoiles, hotel bestwestern, hotels bestwestern",180.0,Les Best deals,14.0,,0.0,VOS POINTS X2,13.0,Carte cadeau,12.0,"index,follow",,,,,,,,,148280.0,32432.0,1077.0,233.0,0,0,Fairly Easy,0,0.0,0.0,,3.0,1.0,0.0,0,55.0,40.0,0.0,16.0,13.0,0.0,,,,,b59a93d6a8a138f7f66a45e5524c9776,0,"Wed, 07 Feb 2024 16:09:09 GMT",,,,1.1,https://www.bestwestern.fr/,2024-02-07 17:10:09,0.0,0.0,0.0,0.0,,Indexable,,0,0,0,0,0,0,0,0,0
12,Hôtel,13,https://www.booking.com/country/fr.fr.html,1,200.0,936.0,70.0,32.0,60.0,171.0,1268.0,154.0,27.0,62.0,49.0,7.0,text/html; charset=UTF-8,200.0,OK,Indexable,,Les 10 meilleurs hôtels en France – Où séjourner en France,58.0,530.0,,0.0,0.0,Réservez en ligne un hôtel en France. Hôtels économiques ou de luxe. Tarifs attractifs. Pas de frais de réservation. Lisez les commentaires de clients réels.,157.0,944.0,"Hôtels, France, hébergement, logement, Hôtel, Prix compétitifs, réductions, prix bon marché, Offres spéciales, promotions, offres week-ends",139.0,Hôtels en France,16.0,,0.0,Indiquez vos dates et faites votre choix parmi 185 053 hôtels et autres hébergements !,86.0,Faites une recherche pour...,28.0,"index,follow",,,https://www.booking.com/country/fr.fr.html,,,,,,566006.0,151922.0,2349.0,469.0,0,0,Easy,0,0.0,1.0,,8.0,2.0,0.0,0,161.0,135.0,0.0,3.0,3.0,0.0,,,,,d5b38741ab68b1b729b004d063421902,0,,,,,1.1,https://www.booking.com/country/fr.fr.html,2024-02-07 17:10:08,0.0,0.0,0.0,0.0,,Indexable,,0,0,0,0,0,0,0,0,0
13,Hôtel,14,https://www.logishotels.com/fr/,1,403.0,687.0,84.0,56.0,80.0,86492.0,408.0,0.0,0.0,68.0,19.0,1.0,text/html; charset=utf-8,200.0,OK,Indexable,,Hôtels et restaurants en France et à l'étranger - LOGIS HÔTELS,62.0,561.0,,0.0,0.0,"Votre hôtel en France et dans le monde : 2000 hôtels et restaurants LOGIS, 1ère chaîne volontaire de restaurateurs / hôteliers indépendants en Europe",149.0,922.0,,0.0,Joignez le local à l'agréable !,31.0,,0.0,,0.0,Pourquoi réserver sur notre site ?,34.0,,,,https://www.logishotels.com/fr/,,,,,,78560.0,20220.0,1163.0,184.0,0,0,Normal,0,0.0,1.0,,1.0,1.0,0.0,0,113.0,83.0,0.0,10.0,10.0,0.0,,,,,b2bb3cb3a03d26b280cdd7e8b8a2f7e,0,"Wed, 07 Feb 2024 16:10:13 GMT",,,,1.1,https://www.logishotels.com/fr/,2024-02-07 17:10:13,0.0,0.0,0.0,0.0,,Indexable,,0,0,0,0,0,0,0,0,0
14,Hôtel,15,https://www.staycation.co/fr/,1,308.0,134.0,71.0,40.0,62.0,178.0,30.0,1.0,0.0,,,,text/html,308.0,Permanent Redirect,Non-Indexable,Redirected,,0.0,0.0,,0.0,0.0,,0.0,0.0,,0.0,,0.0,,0.0,,0.0,,0.0,,,,,,,,,,0.0,0.0,0.0,,0,0,,0,0.0,1.0,,0.0,0.0,0.0,0,0.0,0.0,0.0,0.0,0.0,0.0,,,,,,0,,https://www.staycation.co/fr,HTTP Redirect,,1.1,https://www.staycation.co/fr/,2024-02-07 17:10:05,,,,,,,,0,0,0,0,0,0,0,0,0
15,Hôtel,16,https://www.expedia.fr/Destinations-En-France.d59.Destinations-hotels,1,,,81.0,47.0,49.0,204.0,70480.0,0.0,0.0,21.0,,,text/html; charset=utf-8,200.0,OK,Indexable,,Hôtels France : Réservez au meilleur prix avec Expedia.fr,57.0,505.0,,0.0,0.0,"Découvrez notre large séléction d'hôtels en France. Pas cher ou de luxe, Expedia.fr vous propose des hébèrgements en France aux meilleurs prix.",143.0,885.0,"Hôtels France, Hôtels en France, Hotels France, Hotels en France",64.0,Recherchez des hôtels - France,30.0,,0.0,Les membres connectés économisent 10 % minimum sur plus de 100 000 hôtels dans le monde.,88.0,France : les meilleures villes,30.0,"index,follow",,,https://www.expedia.fr/Destinations-En-France.d59.Destinations-hotels,,,,,,2061992.0,314313.0,2375.0,559.0,0,0,Very Easy,0,0.0,0.0,,5.0,2.0,0.0,0,269.0,221.0,0.0,8.0,8.0,0.0,,,,,ef68ab1303fd89665cfe83233d4bd85c,0,,,,,1.1,https://www.expedia.fr/Destinations-En-France.d59.Destinations-hotels,2024-02-07 17:10:13,0.0,0.0,0.0,0.0,,Indexable,,0,0,0,0,0,0,0,0,0
16,Hôtel,17,https://www.hotelaparis.com/,1,200.0,79.0,78.0,45.0,67.0,352.0,9795.0,38.0,2.0,,12.0,0.0,text/html; charset=utf-8,200.0,OK,Indexable,,Le top des hôtels à Paris au meilleur prix dès 19€ | Hotelaparis.com,68.0,600.0,,0.0,0.0,"Hôtel à Paris : recherche et réservation d’un hôtel à Paris. Choix de plus de 1890 hôtels du 1 au 5 étoiles, hôtel de chaîne, hôtel de charme ou Palace parisien. Description, photos, prix de chaque hôtel sont proposés. Paiement securisé et confirmation immédiate, pour la réservation d’hôtel à Paris",299.0,1801.0,,0.0,"Bienvenue sur Hôtel à ParisLe meilleur site pour trouver, comparer et réserver un hôtel à Paris",95.0,,0.0,Hôtel à Paris,13.0,"Le meilleur site pour trouver, comparer et réserver un hôtel à Paris",68.0,,,,https://www.hotelaparis.com/,,,,,,68189.0,22186.0,473.0,93.0,0,0,Very Easy,0,0.0,0.0,,3.0,2.0,0.0,0,55.0,38.0,0.0,4.0,2.0,0.0,,,,,3c2a3a1d7e1cfa7ac1290faca780efd6,0,"Wed, 07 Feb 2024 03:54:52 GMT",,,,1.1,https://www.hotelaparis.com/,2024-02-07 17:10:14,0.0,0.0,0.0,0.0,,Indexable,,0,0,0,0,0,0,0,0,0
17,Hôtel,18,https://hotel.cdiscount.com/,1,302.0,955.0,59.0,0.0,55.0,61.0,0.0,0.0,0.0,45.0,,,text/html; charset=utf-8,200.0,OK,Indexable,,Hôtel pas cher – Cdiscount Voyages,34.0,322.0,,0.0,0.0,"Pour vos vacances dans un hôtel pas cher en France ou à l’étranger, découvrez toute l’offre d’hébergement de Cdiscount Voyages !",128.0,805.0,,0.0,TOUS LES HÔTELS AU MEILLEUR PRIXRÉSERVEZ VOTRE HÔTEL,52.0,,0.0,PROMOS VOLSLes offres du moment,31.0,PROMOS HOTELSLES OFFRES DU MOMENT,33.0,,,,,,,,,,108228.0,19984.0,525.0,84.0,0,0,Fairly Easy,0,0.0,0.0,,7.0,1.0,0.0,0,179.0,85.0,0.0,8.0,4.0,0.0,,,,,5068d9d44b356fe5015a6810f04942b6,0,,,,,1.1,https://hotel.cdiscount.com/,2024-02-07 17:10:05,0.0,0.0,0.0,0.0,,Indexable,,0,0,0,0,0,0,0,0,0
18,Hôtel,19,https://voyages.carrefour.fr/accueil/hotel,1,,,71.0,25.0,56.0,6.0,10836.0,0.0,0.0,37.0,,,text/html; charset=UTF-8,403.0,Forbidden,Non-Indexable,Client Error,,0.0,0.0,,0.0,0.0,,0.0,0.0,,0.0,,0.0,,0.0,,0.0,,0.0,,,,,,,,,,0.0,0.0,0.0,,0,0,,0,0.0,1.0,,0.0,0.0,0.0,0,0.0,0.0,0.0,0.0,0.0,0.0,,,,,,0,,,,,1.1,https://voyages.carrefour.fr/accueil/hotel,2024-02-07 17:10:14,,,,,,,,0,0,0,0,0,0,0,0,0
19,Hôtel,20,https://www.premiereclasse.com/fr-fr/,1,200.0,17.0,82.0,47.0,77.0,3265.0,1191.0,67.0,10.0,,18.0,1.0,text/html; charset=utf-8,200.0,OK,Indexable,,Réservez un hôtel pas cher dans plus de 200 villes | Première Classe,68.0,609.0,,0.0,0.0,"En France et en Europe, il y a 260 hôtels Première Classe toujours là pour vous accueillir. Profitez de multiples avantages : wifi gratuit, salles de bains privatives, petit-déjeuner à volonté et des chambres à prix unique que vous soyez 1, 2, ou 3 personnes !",260.0,1542.0,,0.0,Trouvez votre hôtel idéal,25.0,,0.0,Réservez dès à présent dans nos hôtels pas chers Première Classe,64.0,Besoin d'inspiration ?,22.0,,,,https://www.premiereclasse.com/fr-fr/,,,,,,645436.0,125421.0,905.0,154.0,0,0,Fairly Easy,0,0.0,1.0,,2.0,1.0,0.0,0,125.0,68.0,0.0,12.0,9.0,0.0,,,,,120b66f88c017e3b2144586528cfb535,0,,,,,1.1,https://www.premiereclasse.com/fr-fr/,2024-02-07 17:10:10,0.0,0.0,0.0,0.0,,Indexable,,0,0,0,0,0,0,0,0,0
20,booking hôtel,1,https://www.booking.com/index.fr.html,0,200.0,2688.0,87.0,82.0,86.0,85819.0,10068.0,230.0,32.0,49.0,,,text/html; charset=UTF-8,200.0,OK,Indexable,,"Booking.com | Site officiel | Hôtels, vols, voitures de location et hébergements",80.0,691.0,,0.0,0.0,"Avec Booking.com, économisez sur les hôtels, maisons, vols, voitures de location, taxis et attractions. Des voyages parfaits pour tous les budgets.",147.0,897.0,"hébergement, logement, Hôtel, Hôtels, Offres spéciales, promotions, offres week-ends, Prix compétitifs, réductions, prix bon marché",131.0,Trouvez votre prochain séjour,29.0,,0.0,Profitez de réductions immédiates,33.0,Trouvez des idées pour votre prochain voyage Plus,49.0,"index,follow",,,https://www.booking.com/index.fr.html,,,,,,522217.0,157006.0,816.0,163.0,0,0,Fairly Easy,0,0.0,0.0,,14.0,3.0,0.0,0,202.0,191.0,0.0,3.0,3.0,0.0,,,,,952ade5ff345f27aaa8b1ecf9789a14b,0,,,,,1.1,https://www.booking.com/index.fr.html,2024-02-07 17:10:11,0.0,0.0,0.0,0.0,,Indexable,,0,0,0,0,0,0,0,0,0
21,booking hôtel,2,https://bookinghotel.com/fr/home/,0,,,57.0,,54.0,1.0,0.0,0.0,0.0,16.0,12.0,1.0,text/html; charset=UTF-8,200.0,OK,Indexable,,Booking Hotel .com | Réservation d'hôtels et de logements dans le monde entier,78.0,711.0,,0.0,0.0,"Booking Hôtels. Réservez avec Booking Hotel. Plus de 4 000 000 d'hébergements dans presque toutes les destinations 24 heures sur 24, 365 jours par an.",150.0,945.0,,0.0,Home fr,7.0,"Booking Hôtels, villas, appartements, auberges et bien plus encore.",67.0,Villes recommandées par Booking Hotel,37.0,Booking Hotel | Rester dans le monde commence par trouver un monde d’hébergement,80.0,"index, follow, max-image-preview:large, max-snippet:-1, max-video-preview:-1",,,https://bookinghotel.com/fr/home/,,,,,,94353.0,22459.0,277.0,47.0,0,0,Normal,0,0.0,2.0,,6.0,1.0,0.0,0,41.0,20.0,0.0,15.0,7.0,0.0,,,,,9527d5dbdc6349eac4e39252b334d2f9,0,,,,,1.1,https://bookinghotel.com/fr/home/,2024-02-07 17:10:09,0.0,0.0,0.0,0.0,,Indexable,,0,0,0,0,0,0,0,0,0
22,booking hôtel,3,https://www.trivago.fr/,0,200.0,629.0,82.0,49.0,73.0,3351.0,19469.0,301.0,67.0,,178.0,67.0,text/html; charset=utf-8,200.0,OK,Indexable,,trivago.fr - Comparez les prix des hôtels et des hébergements dans le monde entier,82.0,743.0,,0.0,0.0,"Comparez les prix, photos et avis de millions d´hôtels et d´hébergements et trouvez votre offre idéale. Gagnez du temps et de l´argent grâce à notre comparateur trivago.fr",171.0,1045.0,,0.0,Nous comparons les prix d’hôtels de centaines de sites,54.0,,0.0,"Nous recherchons, vous économisez.",34.0,Nos partenaires,15.0,,,,https://www.trivago.fr/,,,,,,495969.0,79262.0,4914.0,1345.0,0,0,Very Easy,0,0.0,0.0,,5.0,2.0,0.0,0,916.0,307.0,0.0,169.0,65.0,0.0,,,,,a8219b3c594ac57966d002fe27f8285f,0,,,,,1.1,https://www.trivago.fr/,2024-02-07 17:10:11,0.0,0.0,0.0,0.0,,Indexable,,0,0,0,0,0,0,0,0,0
23,booking hôtel,4,https://play.google.com/store/apps/details?id=com.booking&hl=fr&gl=US,0,,,,,,,,,,,22.0,1.0,text/html; charset=utf-8,200.0,OK,Non-Indexable,Canonicalised,Booking.com: Hotels & Travel – Applications sur Google Play,59.0,538.0,,0.0,0.0,Book your whole trip in one app.,32.0,198.0,,0.0,Booking.com: Hotels & Travel,28.0,,0.0,À propos de l'application,25.0,Sécurité des données,20.0,NOODP,,,https://play.google.com/store/apps/details?id=com.booking&hl=fr,,,,,,1041558.0,159359.0,1402.0,270.0,0,0,Fairly Easy,0,0.0,2.0,,0.0,0.0,0.0,0,39.0,29.0,0.0,3.0,3.0,0.0,,,,,6b00472187c1b820cf14ec4b773d06b4,0,,,,,1.1,https://play.google.com/store/apps/details?id=com.booking&hl=fr&gl=US,2024-02-07 17:10:05,0.0,0.0,0.0,0.0,,Non-Indexable,Canonicalised,0,0,0,0,0,0,0,0,0
24,booking hôtel,5,https://bookingexpress.com/fr/,0,200.0,225.0,,,,3.0,36.0,71.0,14.0,76.0,22.0,5.0,text/html; charset=UTF-8,200.0,OK,Non-Indexable,Canonicalised,"Promos de voyages, vols et hôtels pas cher! | Booking Express",61.0,550.0,,0.0,0.0,"Réservez avec l'agence de voyage online Booking Express les meilleurs prix de voyages, vols lowcost, hôtels pas chers et vol+hôtel au meilleur prix! Partez en voyage!",166.0,1009.0,,0.0,,0.0,,0.0,Offres de voyages,17.0,Découvrez de nouvelles destinations,35.0,"index,follow",,,https://booking.bookingexpress.com/,,,,,,403911.0,48345.0,1377.0,413.0,0,0,Very Easy,0,0.0,1.0,,24.0,1.0,0.0,0,113.0,59.0,0.0,17.0,9.0,0.0,,,,,62b7dd6a490a9d9b721796ad509306e6,0,,,,,1.1,https://bookingexpress.com/fr/,2024-02-07 17:10:10,0.0,0.0,0.0,0.0,,Non-Indexable,Canonicalised,0,0,0,0,0,0,0,0,0
25,booking hôtel,6,https://www.fr.lastminute.com/hotel/,0,200.0,1052.0,81.0,23.0,72.0,1796.0,19238.0,77.0,11.0,37.0,,,text/html; charset=UTF-8,403.0,Forbidden,Non-Indexable,Client Error,,0.0,0.0,,0.0,0.0,,0.0,0.0,,0.0,,0.0,,0.0,,0.0,,0.0,,,,,,,,,,0.0,0.0,0.0,,0,0,,0,0.0,1.0,,0.0,0.0,0.0,0,0.0,0.0,0.0,0.0,0.0,0.0,,,,,,0,,,,,1.1,https://www.fr.lastminute.com/hotel/,2024-02-07 17:10:10,,,,,,,,0,0,0,0,0,0,0,0,0
26,booking hôtel,7,https://www.mews.com/fr/blog/meilleurs-sites-de-reservation-hotel,0,200.0,234.0,49.0,2.0,45.0,4.0,5.0,53.0,16.0,64.0,44.0,8.0,text/html; charset=UTF-8,200.0,OK,Indexable,,Les 8 meilleurs sites de réservation d’hôtel en 2023 | Mews Blog,64.0,570.0,,0.0,0.0,Découvrez les meilleurs sites de réservation d’hôtel et comment choisir les sites sur lesquels référencer vos offres d’hôtels pour stimuler vos réservations.,157.0,937.0,,0.0,Les meilleurs sites de réservation d’hôtel en 2023,50.0,,0.0,Quels sont les huit meilleurs sites de réservation d’hôtel pour référencer vos offres ?,87.0,Vous songez à adopter un PMS dernier cri ?,42.0,,,,https://www.mews.com/fr/blog/meilleurs-sites-de-reservation-hotel,,,,,,139751.0,24459.0,2131.0,320.0,0,0,Normal,0,0.0,2.0,,11.0,1.0,0.0,0,124.0,61.0,0.0,10.0,10.0,0.0,,,,,4d7637bd9b8550029d9d427731470b97,0,"Wed, 07 Feb 2024 15:26:38 GMT",,,,1.1,https://www.mews.com/fr/blog/meilleurs-sites-de-reservation-hotel,2024-02-07 17:10:11,0.0,0.0,0.0,0.0,,Indexable,,0,0,0,0,0,0,0,0,0
27,booking hôtel,8,https://www.kayak.fr/hotels,0,200.0,220.0,87.0,58.0,82.0,65656.0,119979.0,246.0,63.0,70.0,87.0,18.0,text/html;charset=UTF-8,200.0,OK,Indexable,,Hôtels : Comparaison et réservation d'hôtels pas chers | KAYAK,62.0,565.0,,0.0,0.0,KAYAK effectue ses recherches sur des centaines de sites de voyage pour que vous puissiez trouver l'hôtel idéal au meilleur prix. Consultez des millions d'avis certifiés sur les hôtels du monde entier.,201.0,1204.0,,0.0,Trouvez et comparez des offres d’hôtels,39.0,,0.0,Cherchez sur des centaines de sites de voyage à la fois et trouvez des offres d'hôtels,86.0,Trouvez un hôtel au meilleur prix dans l’une de ces destinations,64.0,"index,follow",,,https://www.kayak.fr/hotels,,,,,,424151.0,85037.0,3294.0,529.0,0,0,Very Easy,0,0.0,0.0,,14.0,2.0,0.0,0,264.0,249.0,0.0,89.0,61.0,0.0,,,,,69d71c9e1824a2ff1645710007a35a21,0,,,,,1.1,https://www.kayak.fr/hotels,2024-02-07 17:10:07,0.0,0.0,0.0,0.0,,Indexable,,0,0,0,0,0,0,0,0,0
28,booking hôtel,9,https://www.miles-and-more.com/row/fr/program/partners/booking.html,0,403.0,23.0,,,,0.0,0.0,0.0,0.0,,21.0,1.0,text/html;charset=utf-8,200.0,OK,Indexable,,Booking.com : hôtels  | Miles & More,36.0,316.0,,0.0,0.0,"En tant que membre Miles & More, vous recevez un Mile de prime pour chaque EUR dépensé pour vos nuits d’hôtel. Utilisez dès aujourd’hui le meilleur site de réservation et profitez de primes avantageuses.",203.0,1250.0,,0.0,Booking.com :explorez le monde,30.0,,0.0,"Bonjour, comment pouvons-nous vous aider ?",42.0,Nous combinons l’univers du voyage et la technologie pour vous offrir des réservations de prime encore plus attrayantes,119.0,"index,follow",,,,,,,,,402770.0,49903.0,2474.0,438.0,0,0,Normal,0,0.0,4.0,,3.0,1.0,0.0,0,61.0,36.0,0.0,6.0,4.0,0.0,,,,,e11164db18f0cb8dff05abf87f2957e6,0,,,,,1.1,https://www.miles-and-more.com/row/fr/program/partners/booking.html,2024-02-07 17:10:05,0.0,0.0,0.0,0.0,,Indexable,,0,0,0,0,0,0,0,0,0
29,booking hôtel,10,https://www.amazon.fr/iCreativeline-Booking-Hotel-Paris/dp/B00NBTE55I,0,,,,,,0.0,0.0,0.0,0.0,38.0,0.0,0.0,text/html,200.0,,Indexable,,Amazon.fr,9.0,93.0,,0.0,0.0,,0.0,0.0,,0.0,,0.0,,0.0,,0.0,,0.0,,,,,,,,,,7208.0,2385.0,65.0,12.0,0,0,Normal,0,0.0,2.0,,0.0,0.0,0.0,0,2.0,2.0,0.0,0.0,0.0,0.0,,,,,3d230842d2f70ae758b893c3f7883124,0,,,,,1.1,https://www.amazon.fr/iCreativeline-Booking-Hotel-Paris/dp/B00NBTE55I,2024-02-07 17:10:11,0.0,0.0,0.0,0.0,,Indexable,,0,0,0,0,0,0,0,0,0
30,booking hôtel,11,https://www.ebooking.com/fr/,1,403.0,22.0,68.0,23.0,63.0,105.0,129.0,0.0,0.0,57.0,,,text/html,403.0,Forbidden,Non-Indexable,Client Error,,0.0,0.0,,0.0,0.0,,0.0,0.0,,0.0,,0.0,,0.0,,0.0,,0.0,,,,,,,,,,919.0,919.0,0.0,,0,0,,0,0.0,1.0,,0.0,0.0,0.0,0,0.0,0.0,0.0,0.0,0.0,0.0,,,,,,0,,,,,1.1,https://www.ebooking.com/fr/,2024-02-07 17:10:11,,,,,,,,0,0,0,0,0,0,0,0,0
31,booking hôtel,12,https://fr.hotels.com/,1,200.0,1097.0,80.0,50.0,71.0,2023.0,14573.0,54.0,64.0,,,,text/html; charset=utf-8,200.0,OK,Indexable,,"Hotels.com - Promotions et réductions sur vos réservations d’hôtels, du luxe à l’économique",91.0,817.0,,0.0,0.0,"Hotels.com FRANCE - Réservez des chambres dans des hôtels de luxe ou des hôtels pour les budgets limités. Lisez les avis impartiaux des voyageurs, situez les hôtels sur le plan et regardez les photos de qualité. Réservez votre chambre d’hôtel des aujourd’hui et faites des économies avec notre Garantie de prix.",311.0,1906.0,,0.0,Où voulez-vous partir ?,23.0,,0.0,Les membres connectés économisent 10 % minimum sur plus de 100 000 hôtels dans le monde.,88.0,10 hôtels irrésistibles,23.0,,,,https://fr.hotels.com/,,,,,,1788049.0,250583.0,1754.0,461.0,0,0,Very Easy,0,0.0,0.0,,5.0,2.0,0.0,0,183.0,161.0,0.0,8.0,8.0,0.0,,,,,6750f20ae81ee482dd849f755112c2a9,0,,,,,1.1,https://fr.hotels.com/,2024-02-07 17:10:12,0.0,0.0,0.0,0.0,,Indexable,,0,0,0,0,0,0,0,0,0
32,booking hôtel,13,https://www.booking-better.com/fr/hotels,1,200.0,2478.0,63.0,12.0,39.0,1.0,183.0,35.0,17.0,,,,text/html; charset=UTF-8,200.0,OK,Indexable,,"Hôtels, Gîtes, Maisons d'hôte, Camping et autres hébergements | Booking-Better",78.0,713.0,,0.0,0.0,Recherchez et réservez votre hébergement ou séjour en privilégiant le circuit court ! Booking-Better vous propose un large choix d'hébergements de tous types.,158.0,972.0,,0.0,,0.0,,0.0,,0.0,,0.0,,,,,,,,,,1726484.0,264246.0,2161.0,416.0,0,0,Easy,0,0.0,1.0,,4.0,1.0,0.0,0,88.0,36.0,0.0,27.0,17.0,0.0,,,,,3aac1fe4b0411e74615409c345233d61,0,,,,,1.1,https://www.booking-better.com/fr/hotels,2024-02-07 17:10:13,0.0,0.0,0.0,0.0,,Indexable,,0,0,0,0,0,0,0,0,0
33,booking hôtel,14,https://voyages.topexpos.fr/conseils-bons-plans/reserver-gratuitement-hotel-booking/,1,,,48.0,5.0,,0.0,3.0,0.0,0.0,38.0,30.0,0.0,text/html; charset=UTF-8,200.0,OK,Indexable,,Réserver gratuitement votre hôtel avec Booking.com,50.0,469.0,,0.0,0.0,"Booking, l'une des meilleures plateformes de réservation d'hôtels, vous propose de trouver facilement l'hébergement idéal au meilleur prix. Profitez-en !",153.0,919.0,,0.0,Réserver gratuitement votre hôtel avec Booking,46.0,Rechercher dans le site,23.0,Trouver son hébergement en toute sérénité,41.0,,0.0,"index, follow, max-image-preview:large, max-snippet:-1, max-video-preview:-1",,,https://voyages.topexpos.fr/conseils-bons-plans/reserver-gratuitement-hotel-booking/,,,,,,99577.0,20070.0,1109.0,165.0,0,0,Easy,0,0.0,2.0,,8.0,1.0,0.0,0,207.0,124.0,0.0,11.0,11.0,0.0,,,,,6bf755bd8aa6643dc42036deb9b599e8,0,,,,,1.1,https://voyages.topexpos.fr/conseils-bons-plans/reserver-gratuitement-hotel-booking/,2024-02-07 17:10:07,0.0,0.0,0.0,0.0,,Indexable,,0,0,0,0,0,0,0,0,0
34,booking hôtel,15,https://www.skyscanner.fr/hotels,1,307.0,135.0,64.0,,60.0,53.0,151.0,1.0,0.0,,9.0,0.0,text/html; charset=utf-8,200.0,OK,Indexable,,Hôtels | Comparez les offres d'hôtel les moins chères | Skyscanner,66.0,591.0,,0.0,0.0,"Vous cherchez un hôtel pas cher ? Comparez plus de 1,8 million d'offres d'hôtels et d'hébergements avec Skyscanner. Recherchez, comparez et réservez instantanément.",164.0,1037.0,,0.0,Trouvez l'hôtel de vos rêves dès aujourd'hui,44.0,,0.0,Économisez sur votre prochain séjour,36.0,Trouvez les prix les plus intéressants parmi les meilleurs fournisseurs d'hôtels.,81.0,,,,https://www.skyscanner.fr/hotels,,,,,,196600.0,45473.0,223.0,70.0,0,0,Fairly Easy,0,0.0,0.0,,3.0,1.0,0.0,0,63.0,53.0,0.0,29.0,29.0,0.0,,,,,683e216a6135712a6829d19391c9298a,0,,,,,1.1,https://www.skyscanner.fr/hotels,2024-02-07 17:10:14,0.0,0.0,0.0,0.0,,Indexable,,0,0,0,0,0,0,0,0,0
35,booking hôtel,16,https://www.partirdesuite.com/voyagiste/booking/,1,200.0,502.0,69.0,10.0,46.0,1.0,883.0,161.0,4.0,,103.0,27.0,text/html; charset=UTF-8,200.0,OK,Indexable,,Booking: ultra derniere minute à moitié prix (-50% et +),56.0,486.0,,0.0,0.0,"Booking derniere minute à moitié prix (-50% et + ), bons plans de voyages (vacances, séjours, week-end, croisières) pour un départ ultra dernières minutes",154.0,940.0,,0.0,Dernière minute Booking,23.0,,0.0,"Hotel De Spaenjerd 3* | Kinrooi, Belgique",41.0,Center Parcs Heijderbos Limburg-Weeze 5* | Pays-Bas,51.0,"index, follow, max-image-preview:large, max-snippet:-1, max-video-preview:-1",,,https://www.partirdesuite.com/voyagiste/booking/,https://www.partirdesuite.com/voyagiste/booking/page/2/,,,,,295096.0,49314.0,2793.0,453.0,0,0,Very Easy,0,0.0,2.0,,31.0,1.0,0.0,0,332.0,159.0,0.0,4.0,4.0,0.0,,,,,4af2d0f46ec7ddce21c36cb3d279b836,0,,,,,1.1,https://www.partirdesuite.com/voyagiste/booking/,2024-02-07 17:10:09,0.0,0.0,0.0,0.0,,Indexable,,0,0,0,0,0,0,0,0,0
36,booking hôtel,17,https://www.google.fr/travel/hotels,1,302.0,4075991909.0,64.0,5.0,41.0,4.0,6.0,0.0,1.0,,,,application/binary,302.0,Found,Non-Indexable,Redirected,,0.0,0.0,,0.0,0.0,,0.0,0.0,,0.0,,0.0,,0.0,,0.0,,0.0,,,,,,,,,,0.0,0.0,0.0,,0,0,,0,0.0,1.0,,0.0,0.0,0.0,0,0.0,0.0,0.0,0.0,0.0,0.0,,,,,,0,,https://consent.google.fr/m?continue=https://www.google.fr/travel/hotels&gl=FR&m=0&pc=trv&cm=2&hl=fr&src=1,HTTP Redirect,,1.1,https://www.google.fr/travel/hotels,2024-02-07 17:10:05,,,,,,,,0,0,0,0,0,0,0,0,0
37,booking hôtel,18,https://www.theoriginalshotels.com/offres-speciales/very-early-booking,1,200.0,1009.0,62.0,38.0,,0.0,325.0,32.0,6.0,16.0,3.0,0.0,text/html; charset=UTF-8,200.0,OK,Indexable,,Very Early Booking — Offre Spéciale réservation hôtel — The Originals Hotels,76.0,680.0,Arrow Right,11.0,104.0,Découvrez Very Early Booking pour réserver un hôtel dans les meilleures conditions.,83.0,513.0,,0.0,Very Early Booking,18.0,,0.0,CONTINUER L’EXPÉRIENCE,22.0,,0.0,"index, follow",,,https://www.theoriginalshotels.com/offres-speciales/very-early-booking,,,,,,369837.0,50595.0,398.0,96.0,0,0,Fairly Easy,0,0.0,1.0,,3.0,1.0,0.0,0,64.0,32.0,0.0,13.0,7.0,0.0,,,,,9772840c6a31c9514f6d2d075f556a3e,0,"Tue, 06 Feb 2024 16:46:10 GMT",,,,1.1,https://www.theoriginalshotels.com/offres-speciales/very-early-booking,2024-02-07 17:10:10,0.0,0.0,0.0,0.0,,Indexable,,0,0,0,0,0,0,0,0,0
38,booking hôtel,19,https://www.lepoint.fr/economie/les-hoteliers-declarent-la-guerre-a-booking-com-08-07-2020-2383480_28.php,1,,,62.0,13.0,58.0,26.0,1.0,0.0,0.0,53.0,18.0,1.0,text/html; charset=UTF-8,200.0,OK,Indexable,,Les hôteliers déclarent la guerre à Booking.com,47.0,424.0,,0.0,0.0,"VIDÉO. La plateforme prend 17 % de commission en moyenne sur les réservations. Trop gourmand pour certains hôteliers, qui veulent inverser le rapport de force.",159.0,992.0,,0.0,Les hôteliers déclarent la guerre à Booking.com,47.0,,0.0,Commission à la tête du client,30.0,David contre Golliath,21.0,"index, follow, max-snippet:-1, max-image-preview:large, max-video-preview:-1",,,https://www.lepoint.fr/economie/les-hoteliers-declarent-la-guerre-a-booking-com-08-07-2020-2383480_28.php,,,,,,121651.0,47735.0,1870.0,296.0,0,0,Easy,0,0.0,1.0,,1.0,1.0,0.0,0,102.0,86.0,0.0,10.0,10.0,0.0,,,,,6cff251fe5054f91f97a40ee54827323,0,"Sat, 09 Jan 2021 09:08:00 GMT",,,,1.1,https://www.lepoint.fr/economie/les-hoteliers-declarent-la-guerre-a-booking-com-08-07-2020-2383480_28.php,2024-02-07 17:10:13,0.0,0.0,0.0,0.0,,Indexable,,0,0,0,0,0,0,0,0,0
39,booking hôtel,20,https://fr.wikipedia.org/wiki/Booking.com,1,,,64.0,68.0,59.0,63.0,0.0,0.0,0.0,40.0,40.0,5.0,text/html; charset=UTF-8,200.0,OK,Indexable,,Booking.com — Wikipédia,23.0,228.0,,0.0,0.0,,0.0,0.0,,0.0,Booking.com,11.0,,0.0,Sommaire,8.0,Historique[modifier | modifier le code],39.0,max-image-preview:standard,,,https://fr.wikipedia.org/wiki/Booking.com,,,,,,109313.0,24209.0,2011.0,417.0,0,0,Easy,0,0.0,1.0,,81.0,1.0,0.0,0,250.0,154.0,0.0,50.0,44.0,0.0,,,,,66a068a51dac44d3e50a47f668b52de3,0,"Tue, 06 Feb 2024 00:54:09 GMT",,,,1.1,https://fr.wikipedia.org/wiki/Booking.com,2024-02-07 17:10:14,0.0,0.0,0.0,0.0,,Indexable,,0,0,0,0,0,0,0,0,0
40,hôtel,1,https://fr.hotels.com/,0,200.0,1097.0,80.0,50.0,71.0,2023.0,14573.0,54.0,64.0,,,,text/html; charset=utf-8,200.0,OK,Indexable,,"Hotels.com - Promotions et réductions sur vos réservations d’hôtels, du luxe à l’économique",91.0,817.0,,0.0,0.0,"Hotels.com FRANCE - Réservez des chambres dans des hôtels de luxe ou des hôtels pour les budgets limités. Lisez les avis impartiaux des voyageurs, situez les hôtels sur le plan et regardez les photos de qualité. Réservez votre chambre d’hôtel des aujourd’hui et faites des économies avec notre Garantie de prix.",311.0,1906.0,,0.0,Où voulez-vous partir ?,23.0,,0.0,Les membres connectés économisent 10 % minimum sur plus de 100 000 hôtels dans le monde.,88.0,10 hôtels irrésistibles,23.0,,,,https://fr.hotels.com/,,,,,,1788049.0,250583.0,1754.0,461.0,0,0,Very Easy,0,0.0,0.0,,5.0,2.0,0.0,0,183.0,161.0,0.0,8.0,8.0,0.0,,,,,6750f20ae81ee482dd849f755112c2a9,0,,,,,1.1,https://fr.hotels.com/,2024-02-07 17:10:12,0.0,0.0,0.0,0.0,,Indexable,,0,0,0,0,0,0,0,0,0
41,hôtel,2,https://www.trivago.fr/,0,200.0,629.0,82.0,49.0,73.0,3351.0,19469.0,301.0,67.0,,213.0,83.0,text/html; charset=utf-8,200.0,OK,Indexable,,trivago.fr - Comparez les prix des hôtels et des hébergements dans le monde entier,82.0,743.0,,0.0,0.0,"Comparez les prix, photos et avis de millions d´hôtels et d´hébergements et trouvez votre offre idéale. Gagnez du temps et de l´argent grâce à notre comparateur trivago.fr",171.0,1045.0,,0.0,Nous comparons les prix d’hôtels de centaines de sites,54.0,,0.0,"Nous recherchons, vous économisez.",34.0,Nos partenaires,15.0,,,,https://www.trivago.fr/,,,,,,495969.0,79262.0,4914.0,1345.0,0,0,Very Easy,0,0.0,0.0,,5.0,2.0,0.0,0,916.0,307.0,0.0,169.0,65.0,0.0,,,,,a8219b3c594ac57966d002fe27f8285f,0,,,,,1.1,https://www.trivago.fr/,2024-02-07 17:10:11,0.0,0.0,0.0,0.0,,Indexable,,0,0,0,0,0,0,0,0,0
42,hôtel,3,https://www.fr.lastminute.com/hotel/,0,200.0,1052.0,81.0,23.0,72.0,1796.0,19238.0,77.0,11.0,37.0,,,text/html; charset=UTF-8,403.0,Forbidden,Non-Indexable,Client Error,,0.0,0.0,,0.0,0.0,,0.0,0.0,,0.0,,0.0,,0.0,,0.0,,0.0,,,,,,,,,,0.0,0.0,0.0,,0,0,,0,0.0,1.0,,0.0,0.0,0.0,0,0.0,0.0,0.0,0.0,0.0,0.0,,,,,,0,,,,,1.1,https://www.fr.lastminute.com/hotel/,2024-02-07 17:10:10,,,,,,,,0,0,0,0,0,0,0,0,0
43,hôtel,4,https://www.booking.com/index.fr.html,0,200.0,2688.0,87.0,82.0,86.0,85819.0,10068.0,230.0,32.0,49.0,,,text/html; charset=UTF-8,200.0,OK,Indexable,,"Booking.com | Site officiel | Hôtels, vols, voitures de location et hébergements",80.0,691.0,,0.0,0.0,"Avec Booking.com, économisez sur les hôtels, maisons, vols, voitures de location, taxis et attractions. Des voyages parfaits pour tous les budgets.",147.0,897.0,"hébergement, logement, Hôtel, Hôtels, Offres spéciales, promotions, offres week-ends, Prix compétitifs, réductions, prix bon marché",131.0,Trouvez votre prochain séjour,29.0,,0.0,Profitez de réductions immédiates,33.0,Trouvez des idées pour votre prochain voyage Plus,49.0,"index,follow",,,https://www.booking.com/index.fr.html,,,,,,522217.0,157006.0,816.0,163.0,0,0,Fairly Easy,0,0.0,0.0,,14.0,3.0,0.0,0,202.0,191.0,0.0,3.0,3.0,0.0,,,,,952ade5ff345f27aaa8b1ecf9789a14b,0,,,,,1.1,https://www.booking.com/index.fr.html,2024-02-07 17:10:11,0.0,0.0,0.0,0.0,,Indexable,,0,0,0,0,0,0,0,0,0
44,hôtel,5,https://www.skyscanner.fr/hotels,0,307.0,135.0,64.0,,60.0,53.0,151.0,1.0,0.0,,7.0,0.0,text/html; charset=utf-8,200.0,OK,Indexable,,Hôtels | Comparez les offres d'hôtel les moins chères | Skyscanner,66.0,591.0,,0.0,0.0,"Vous cherchez un hôtel pas cher ? Comparez plus de 1,8 million d'offres d'hôtels et d'hébergements avec Skyscanner. Recherchez, comparez et réservez instantanément.",164.0,1037.0,,0.0,Trouvez l'hôtel de vos rêves dès aujourd'hui,44.0,,0.0,Économisez sur votre prochain séjour,36.0,Trouvez les prix les plus intéressants parmi les meilleurs fournisseurs d'hôtels.,81.0,,,,https://www.skyscanner.fr/hotels,,,,,,196600.0,45473.0,223.0,70.0,0,0,Fairly Easy,0,0.0,0.0,,3.0,1.0,0.0,0,63.0,53.0,0.0,29.0,29.0,0.0,,,,,683e216a6135712a6829d19391c9298a,0,,,,,1.1,https://www.skyscanner.fr/hotels,2024-02-07 17:10:14,0.0,0.0,0.0,0.0,,Indexable,,0,0,0,0,0,0,0,0,0
45,hôtel,6,https://www.expedia.fr/Hotels,0,200.0,1737.0,86.0,49.0,75.0,4441.0,135936.0,128.0,51.0,21.0,,,text/html; charset=utf-8,200.0,OK,Indexable,,Offres Hôtels Expedia.fr: Réservation de votre hôtel pas cher,61.0,538.0,,0.0,0.0,"Découvrez nos meilleures offres, promos & réductions sur des milliers d'hôtels, du luxe à l’économique. Annulation gratuite sur la plupart des hôtels.",150.0,904.0,,0.0,,0.0,,0.0,Les membres connectés économisent 10 % minimum sur plus de 100 000 hôtels dans le monde.,88.0,Idées pour votre prochain voyage,32.0,"index,follow",,,https://www.expedia.fr/Hotels,,,,,,1550185.0,249480.0,1385.0,245.0,0,0,Fairly Easy,0,0.0,0.0,,5.0,2.0,0.0,0,144.0,130.0,0.0,8.0,8.0,0.0,,,,,61584b09cfefe1e9841b3c00cc9db782,0,,,,,1.1,https://www.expedia.fr/Hotels,2024-02-07 17:10:07,0.0,0.0,0.0,0.0,,Indexable,,0,0,0,0,0,0,0,0,0
46,hôtel,7,https://www.kayak.fr/hotels,0,200.0,220.0,87.0,58.0,82.0,65656.0,119979.0,246.0,63.0,70.0,95.0,26.0,text/html;charset=UTF-8,200.0,OK,Indexable,,Hôtels : Comparaison et réservation d'hôtels pas chers | KAYAK,62.0,565.0,,0.0,0.0,KAYAK effectue ses recherches sur des centaines de sites de voyage pour que vous puissiez trouver l'hôtel idéal au meilleur prix. Consultez des millions d'avis certifiés sur les hôtels du monde entier.,201.0,1204.0,,0.0,Trouvez et comparez des offres d’hôtels,39.0,,0.0,Cherchez sur des centaines de sites de voyage à la fois et trouvez des offres d'hôtels,86.0,Trouvez un hôtel au meilleur prix dans l’une de ces destinations,64.0,"index,follow",,,https://www.kayak.fr/hotels,,,,,,424151.0,85037.0,3294.0,529.0,0,0,Very Easy,0,0.0,0.0,,14.0,2.0,0.0,0,264.0,249.0,0.0,89.0,61.0,0.0,,,,,69d71c9e1824a2ff1645710007a35a21,0,,,,,1.1,https://www.kayak.fr/hotels,2024-02-07 17:10:07,0.0,0.0,0.0,0.0,,Indexable,,0,0,0,0,0,0,0,0,0
47,hôtel,8,https://www.hotel-bb.com/fr,0,403.0,17.0,81.0,68.0,78.0,13566.0,647.0,0.0,0.0,50.0,27.0,2.0,text/html; charset=UTF-8,200.0,OK,Indexable,,B&B HOTELS : réservez un hôtel en France et en Europe | Site web officiel,73.0,652.0,,0.0,0.0,Réservez votre hôtel dès maintenant sur notre site et profitez des meilleurs prix B&B HOTELS en France et en Europe avec nos promotions exclusives !,148.0,919.0,,0.0,,0.0,,0.0,Services,8.0,,0.0,"index, follow",,,https://www.hotel-bb.com/fr,,,,,,173425.0,28436.0,1804.0,513.0,0,0,Very Easy,0,0.0,0.0,,93.0,1.0,0.0,0,387.0,226.0,0.0,11.0,10.0,0.0,,,,,3783881a1b7dccee4bb20efe38399ff9,0,"Wed, 07 Feb 2024 15:08:27 GMT",,,,1.1,https://www.hotel-bb.com/fr,2024-02-07 17:10:08,0.0,0.0,0.0,0.0,,Indexable,,0,0,0,0,0,0,0,0,0
48,hôtel,9,https://www.agoda.com/fr-fr/,0,200.0,341.0,65.0,17.0,61.0,191.0,1.0,0.0,0.0,1.0,,,text/html; charset=utf-8,200.0,OK,Indexable,,,0.0,0.0,,0.0,0.0,,0.0,0.0,,0.0,,0.0,,0.0,,0.0,,0.0,,,,,,,,,,187315.0,52807.0,0.0,,0,0,,0,0.0,1.0,,0.0,0.0,0.0,0,0.0,0.0,0.0,0.0,0.0,0.0,,,,,1310ae28e714cca6872f6fb1620b85e1,0,,,,,1.1,https://www.agoda.com/fr-fr/,2024-02-07 17:10:07,0.0,0.0,0.0,0.0,,Indexable,,0,0,0,0,0,0,0,0,0
49,hôtel,10,https://fr.wikipedia.org/wiki/H%C3%B4tel,0,,,71.0,66.0,67.0,546.0,15.0,0.0,0.0,76.0,59.0,16.0,,,,,,,,,,,,,,,,,,,,,,,,,,,,,,,,,,,,,,0,0,,0,,,,,,,0,,,,,,,,,,,,0,,,,,,,,,,,,,,,0,0,0,0,0,0,0,0,0
50,hôtel,11,https://fr.hotels.com/co10233055/hotels-en-france/,1,200.0,3810.0,75.0,30.0,49.0,39.0,5598.0,8.0,59.0,,,,text/html; charset=utf-8,200.0,OK,Indexable,,Les meilleurs hôtels en France | Hotels.com,43.0,390.0,,0.0,0.0,"Trouvez les meilleurs hôtels en France. Découvrez  offres attractives d'hôtels : comparez prix, avis et disponibilités sur Hotels.com.",134.0,794.0,,0.0,Réservez un hôtel en France,27.0,,0.0,Les membres connectés économisent 10 % minimum sur plus de 100 000 hôtels dans le monde.,88.0,"Avec Hotels.com, c’est facile et avantageux. Toujours.",54.0,"index,follow",,,https://fr.hotels.com/co10233055/hotels-en-france/,,,,,,2850518.0,371785.0,3317.0,962.0,0,0,Very Easy,0,0.0,2.0,,6.0,1.0,0.0,0,288.0,250.0,0.0,8.0,8.0,0.0,,,,,a5782f01d9e9fc37127931ae105c83a4,0,,,,,1.1,https://fr.hotels.com/co10233055/hotels-en-france/,2024-02-07 17:10:08,0.0,0.0,0.0,0.0,,Indexable,,0,0,0,0,0,0,0,0,0
51,hôtel,12,https://www.bestwestern.fr/,1,200.0,214.0,87.0,53.0,85.0,46024.0,14294.0,32.0,18.0,49.0,,,text/html;charset=UTF-8,200.0,OK,Indexable,,Réservation hôtel en ligne - Best Western,41.0,367.0,,0.0,0.0,Séjour en famille ou d'affaires ? En ville ou en bord de mer ? Réservez votre chambre d'hôtel Best Western dans l'un de nos 4000 hôtels dans le monde.,150.0,916.0,"hotel, hotels, hotel best western, hotels best western, hotel 3 etoiles, hotel 4 etoiles, hotel 5 etoiles, hotels 3 etoiles, hotels 4 etoiles, hotel bestwestern, hotels bestwestern",180.0,Les Best deals,14.0,,0.0,VOS POINTS X2,13.0,Carte cadeau,12.0,"index,follow",,,,,,,,,148280.0,32432.0,1077.0,233.0,0,0,Fairly Easy,0,0.0,0.0,,3.0,1.0,0.0,0,55.0,40.0,0.0,16.0,13.0,0.0,,,,,b59a93d6a8a138f7f66a45e5524c9776,0,"Wed, 07 Feb 2024 16:09:09 GMT",,,,1.1,https://www.bestwestern.fr/,2024-02-07 17:10:09,0.0,0.0,0.0,0.0,,Indexable,,0,0,0,0,0,0,0,0,0
52,hôtel,13,https://www.booking.com/country/fr.fr.html,1,200.0,936.0,70.0,32.0,60.0,171.0,1268.0,154.0,27.0,62.0,50.0,6.0,text/html; charset=UTF-8,200.0,OK,Indexable,,Les 10 meilleurs hôtels en France – Où séjourner en France,58.0,530.0,,0.0,0.0,Réservez en ligne un hôtel en France. Hôtels économiques ou de luxe. Tarifs attractifs. Pas de frais de réservation. Lisez les commentaires de clients réels.,157.0,944.0,"Hôtels, France, hébergement, logement, Hôtel, Prix compétitifs, réductions, prix bon marché, Offres spéciales, promotions, offres week-ends",139.0,Hôtels en France,16.0,,0.0,Indiquez vos dates et faites votre choix parmi 185 053 hôtels et autres hébergements !,86.0,Faites une recherche pour...,28.0,"index,follow",,,https://www.booking.com/country/fr.fr.html,,,,,,566006.0,151922.0,2349.0,469.0,0,0,Easy,0,0.0,1.0,,8.0,2.0,0.0,0,161.0,135.0,0.0,3.0,3.0,0.0,,,,,d5b38741ab68b1b729b004d063421902,0,,,,,1.1,https://www.booking.com/country/fr.fr.html,2024-02-07 17:10:08,0.0,0.0,0.0,0.0,,Indexable,,0,0,0,0,0,0,0,0,0
53,hôtel,14,https://www.logishotels.com/fr/,1,403.0,687.0,84.0,56.0,80.0,86492.0,408.0,0.0,0.0,68.0,19.0,1.0,text/html; charset=utf-8,200.0,OK,Indexable,,Hôtels et restaurants en France et à l'étranger - LOGIS HÔTELS,62.0,561.0,,0.0,0.0,"Votre hôtel en France et dans le monde : 2000 hôtels et restaurants LOGIS, 1ère chaîne volontaire de restaurateurs / hôteliers indépendants en Europe",149.0,922.0,,0.0,Joignez le local à l'agréable !,31.0,,0.0,,0.0,Pourquoi réserver sur notre site ?,34.0,,,,https://www.logishotels.com/fr/,,,,,,78560.0,20220.0,1163.0,184.0,0,0,Normal,0,0.0,1.0,,1.0,1.0,0.0,0,113.0,83.0,0.0,10.0,10.0,0.0,,,,,b2bb3cb3a03d26b280cdd7e8b8a2f7e,0,"Wed, 07 Feb 2024 16:10:13 GMT",,,,1.1,https://www.logishotels.com/fr/,2024-02-07 17:10:13,0.0,0.0,0.0,0.0,,Indexable,,0,0,0,0,0,0,0,0,0
54,hôtel,15,https://www.staycation.co/fr/,1,308.0,134.0,71.0,40.0,62.0,178.0,30.0,1.0,0.0,,,,text/html,308.0,Permanent Redirect,Non-Indexable,Redirected,,0.0,0.0,,0.0,0.0,,0.0,0.0,,0.0,,0.0,,0.0,,0.0,,0.0,,,,,,,,,,0.0,0.0,0.0,,0,0,,0,0.0,1.0,,0.0,0.0,0.0,0,0.0,0.0,0.0,0.0,0.0,0.0,,,,,,0,,https://www.staycation.co/fr,HTTP Redirect,,1.1,https://www.staycation.co/fr/,2024-02-07 17:10:05,,,,,,,,0,0,0,0,0,0,0,0,0
55,hôtel,16,https://www.expedia.fr/Destinations-En-France.d59.Destinations-hotels,1,,,81.0,47.0,49.0,204.0,70480.0,0.0,0.0,21.0,,,text/html; charset=utf-8,200.0,OK,Indexable,,Hôtels France : Réservez au meilleur prix avec Expedia.fr,57.0,505.0,,0.0,0.0,"Découvrez notre large séléction d'hôtels en France. Pas cher ou de luxe, Expedia.fr vous propose des hébèrgements en France aux meilleurs prix.",143.0,885.0,"Hôtels France, Hôtels en France, Hotels France, Hotels en France",64.0,Recherchez des hôtels - France,30.0,,0.0,Les membres connectés économisent 10 % minimum sur plus de 100 000 hôtels dans le monde.,88.0,France : les meilleures villes,30.0,"index,follow",,,https://www.expedia.fr/Destinations-En-France.d59.Destinations-hotels,,,,,,2061992.0,314313.0,2375.0,559.0,0,0,Very Easy,0,0.0,0.0,,5.0,2.0,0.0,0,269.0,221.0,0.0,8.0,8.0,0.0,,,,,ef68ab1303fd89665cfe83233d4bd85c,0,,,,,1.1,https://www.expedia.fr/Destinations-En-France.d59.Destinations-hotels,2024-02-07 17:10:13,0.0,0.0,0.0,0.0,,Indexable,,0,0,0,0,0,0,0,0,0
56,hôtel,17,https://www.hotelaparis.com/,1,200.0,79.0,78.0,45.0,67.0,352.0,9795.0,38.0,2.0,,12.0,0.0,text/html; charset=utf-8,200.0,OK,Indexable,,Le top des hôtels à Paris au meilleur prix dès 19€ | Hotelaparis.com,68.0,600.0,,0.0,0.0,"Hôtel à Paris : recherche et réservation d’un hôtel à Paris. Choix de plus de 1890 hôtels du 1 au 5 étoiles, hôtel de chaîne, hôtel de charme ou Palace parisien. Description, photos, prix de chaque hôtel sont proposés. Paiement securisé et confirmation immédiate, pour la réservation d’hôtel à Paris",299.0,1801.0,,0.0,"Bienvenue sur Hôtel à ParisLe meilleur site pour trouver, comparer et réserver un hôtel à Paris",95.0,,0.0,Hôtel à Paris,13.0,"Le meilleur site pour trouver, comparer et réserver un hôtel à Paris",68.0,,,,https://www.hotelaparis.com/,,,,,,68189.0,22186.0,473.0,93.0,0,0,Very Easy,0,0.0,0.0,,3.0,2.0,0.0,0,55.0,38.0,0.0,4.0,2.0,0.0,,,,,3c2a3a1d7e1cfa7ac1290faca780efd6,0,"Wed, 07 Feb 2024 03:54:52 GMT",,,,1.1,https://www.hotelaparis.com/,2024-02-07 17:10:14,0.0,0.0,0.0,0.0,,Indexable,,0,0,0,0,0,0,0,0,0
57,hôtel,18,https://hotel.cdiscount.com/,1,302.0,955.0,59.0,0.0,55.0,61.0,0.0,0.0,0.0,45.0,,,text/html; charset=utf-8,200.0,OK,Indexable,,Hôtel pas cher – Cdiscount Voyages,34.0,322.0,,0.0,0.0,"Pour vos vacances dans un hôtel pas cher en France ou à l’étranger, découvrez toute l’offre d’hébergement de Cdiscount Voyages !",128.0,805.0,,0.0,TOUS LES HÔTELS AU MEILLEUR PRIXRÉSERVEZ VOTRE HÔTEL,52.0,,0.0,PROMOS VOLSLes offres du moment,31.0,PROMOS HOTELSLES OFFRES DU MOMENT,33.0,,,,,,,,,,108228.0,19984.0,525.0,84.0,0,0,Fairly Easy,0,0.0,0.0,,7.0,1.0,0.0,0,179.0,85.0,0.0,8.0,4.0,0.0,,,,,5068d9d44b356fe5015a6810f04942b6,0,,,,,1.1,https://hotel.cdiscount.com/,2024-02-07 17:10:05,0.0,0.0,0.0,0.0,,Indexable,,0,0,0,0,0,0,0,0,0
58,hôtel,19,https://voyages.carrefour.fr/accueil/hotel,1,,,71.0,25.0,56.0,6.0,10836.0,0.0,0.0,37.0,,,text/html; charset=UTF-8,403.0,Forbidden,Non-Indexable,Client Error,,0.0,0.0,,0.0,0.0,,0.0,0.0,,0.0,,0.0,,0.0,,0.0,,0.0,,,,,,,,,,0.0,0.0,0.0,,0,0,,0,0.0,1.0,,0.0,0.0,0.0,0,0.0,0.0,0.0,0.0,0.0,0.0,,,,,,0,,,,,1.1,https://voyages.carrefour.fr/accueil/hotel,2024-02-07 17:10:14,,,,,,,,0,0,0,0,0,0,0,0,0
59,hôtel,20,https://www.premiereclasse.com/fr-fr/,1,200.0,17.0,82.0,47.0,77.0,3265.0,1191.0,67.0,10.0,,18.0,1.0,text/html; charset=utf-8,200.0,OK,Indexable,,Réservez un hôtel pas cher dans plus de 200 villes | Première Classe,68.0,609.0,,0.0,0.0,"En France et en Europe, il y a 260 hôtels Première Classe toujours là pour vous accueillir. Profitez de multiples avantages : wifi gratuit, salles de bains privatives, petit-déjeuner à volonté et des chambres à prix unique que vous soyez 1, 2, ou 3 personnes !",260.0,1542.0,,0.0,Trouvez votre hôtel idéal,25.0,,0.0,Réservez dès à présent dans nos hôtels pas chers Première Classe,64.0,Besoin d'inspiration ?,22.0,,,,https://www.premiereclasse.com/fr-fr/,,,,,,645436.0,125421.0,905.0,154.0,0,0,Fairly Easy,0,0.0,1.0,,2.0,1.0,0.0,0,125.0,68.0,0.0,12.0,9.0,0.0,,,,,120b66f88c017e3b2144586528cfb535,0,,,,,1.1,https://www.premiereclasse.com/fr-fr/,2024-02-07 17:10:10,0.0,0.0,0.0,0.0,,Indexable,,0,0,0,0,0,0,0,0,0
60,hôtel première classe,1,https://www.premiereclasse.com/fr-fr/,0,200.0,17.0,82.0,47.0,77.0,3265.0,1191.0,67.0,10.0,,25.0,0.0,text/html; charset=utf-8,200.0,OK,Indexable,,Réservez un hôtel pas cher dans plus de 200 villes | Première Classe,68.0,609.0,,0.0,0.0,"En France et en Europe, il y a 260 hôtels Première Classe toujours là pour vous accueillir. Profitez de multiples avantages : wifi gratuit, salles de bains privatives, petit-déjeuner à volonté et des chambres à prix unique que vous soyez 1, 2, ou 3 personnes !",260.0,1542.0,,0.0,Trouvez votre hôtel idéal,25.0,,0.0,Réservez dès à présent dans nos hôtels pas chers Première Classe,64.0,Besoin d'inspiration ?,22.0,,,,https://www.premiereclasse.com/fr-fr/,,,,,,645436.0,125421.0,905.0,154.0,0,0,Fairly Easy,0,0.0,1.0,,2.0,1.0,0.0,0,125.0,68.0,0.0,12.0,9.0,0.0,,,,,120b66f88c017e3b2144586528cfb535,0,,,,,1.1,https://www.premiereclasse.com/fr-fr/,2024-02-07 17:10:10,0.0,0.0,0.0,0.0,,Indexable,,0,0,0,0,0,0,0,0,0
61,hôtel première classe,2,https://fr.wikipedia.org/wiki/Premi%C3%A8re_Classe_(cha%C3%AEne_d%27h%C3%B4tels),0,,,51.0,0.0,47.0,6.0,0.0,0.0,0.0,,28.0,8.0,,,,,,,,,,,,,,,,,,,,,,,,,,,,,,,,,,,,,,0,0,,0,,,,,,,0,,,,,,,,,,,,0,,,,,,,,,,,,,,,0,0,0,0,0,0,0,0,0
62,hôtel première classe,3,https://www.hotelaparis.com/chaines-hotelieres-paris/hotels-premiere-classe-paris.html,0,200.0,1376.0,57.0,17.0,,0.0,32.0,35.0,3.0,84.0,67.0,16.0,text/html; charset=utf-8,200.0,OK,Indexable,,Hôtels Première Classe à Paris,30.0,278.0,,0.0,0.0,Tous les hôtels appartenant à la chaîne économique Première Classe à Paris et en région parisienne.,99.0,615.0,,0.0,Tous les hôtels Première Classe à Paris,39.0,,0.0,Hôtel à Paris,13.0,"Le meilleur site pour trouver, comparer et réserver un hôtel à Paris",68.0,,,,https://www.hotelaparis.com/chaines-hotelieres-paris/hotels-premiere-classe-paris.html,,,,,,82206.0,23375.0,708.0,122.0,0,0,Easy,0,0.0,1.0,,1.0,1.0,0.0,0,55.0,36.0,0.0,3.0,3.0,0.0,,,,,4d4b7411fa1e20af54297b1657fbfdd4,0,"Fri, 08 Jul 2022 09:19:22 GMT",,,,1.1,https://www.hotelaparis.com/chaines-hotelieres-paris/hotels-premiere-classe-paris.html,2024-02-07 17:10:13,0.0,0.0,0.0,0.0,,Indexable,,0,0,0,0,0,0,0,0,0
63,hôtel première classe,4,https://www.chartres-tourisme.com/preparez/hebergements/hotels/hotel-premiere-classe-1360338,0,200.0,580.0,44.0,14.0,,0.0,3.0,43.0,14.0,52.0,55.0,11.0,text/html; charset=utf-8,200.0,OK,Indexable,,Hôtel Première Classe - Barjouville | C'Chartres Tourisme,57.0,508.0,,0.0,0.0,"Le Première Classe Chartres Barjouville vous accueille dans l'une de ses 73 chambres modernes et parfaitement équipées. Découvrez à proximité directe de l'autoroute A11 et de la nationale 123, votre nouvel hôtel Première Classe Chartres Barjouville.",249.0,1529.0,,0.0,Hôtel Première Classe,21.0,,0.0,,0.0,,0.0,,,,https://www.chartres-tourisme.com/preparez/hebergements/hotels/hotel-premiere-classe-1360338,,,,,,165017.0,25499.0,627.0,155.0,0,0,Very Easy,0,0.0,3.0,,17.0,1.0,0.0,0,70.0,49.0,0.0,16.0,13.0,0.0,,,,,101700946ac87db91bb3ddd7c83ffec0,0,"Wed, 07 Feb 2024 15:50:45 GMT",,,,1.1,https://www.chartres-tourisme.com/preparez/hebergements/hotels/hotel-premiere-classe-1360338,2024-02-07 17:10:11,0.0,0.0,0.0,0.0,,Indexable,,0,0,0,0,0,0,0,0,0
64,hôtel première classe,5,https://www.tripadvisor.fr/Hotel_Review-g187120-d481738-Reviews-Hotel_Premiere_Classe_Bourges-Bourges_Cher_Berry_Centre_Val_de_Loire.html,0,,,45.0,2.0,,0.0,12.0,0.0,0.0,,115.0,33.0,text/html;charset=utf-8,403.0,Forbidden,Non-Indexable,Client Error,,0.0,0.0,,0.0,0.0,,0.0,0.0,,0.0,,0.0,,0.0,,0.0,,0.0,,,,,,,,,,585.0,585.0,0.0,,0,0,,0,0.0,0.0,,0.0,0.0,0.0,0,0.0,0.0,0.0,0.0,0.0,0.0,,,,,,0,,,,,1.1,https://www.tripadvisor.fr/Hotel_Review-g187120-d481738-Reviews-Hotel_Premiere_Classe_Bourges-Bourges_Cher_Berry_Centre_Val_de_Loire.html,2024-02-07 17:10:10,,,,,,,,0,0,0,0,0,0,0,0,0
65,hôtel première classe,6,https://www.larochelle-tourisme.com/sejourner/hebergements/hotels/hotel-premiere-classe-la-rochelle-centre-les-minimes,0,200.0,316.0,57.0,14.0,,3.0,10.0,46.0,19.0,29.0,18.0,2.0,text/html; charset=UTF-8,200.0,OK,Indexable,,Hôtel Première Classe La Rochelle centre Les Minimes Hôtels à La Rochelle - La Rochelle Tourisme,96.0,886.0,,0.0,0.0,"A 1 km du centre-ville et 1 km de la Gare SNCF, idéalement situé cet hôtel vous propose 84 chambres de 2 à 4 personnes, climatisées avec salle de bain toute équipée privative. Wifi gratuit, parking privé payant.",211.0,1275.0,,0.0,Hôtel Première Classe La Rochelle centre Les Minimes,52.0,,0.0,,0.0,,0.0,,,,https://www.larochelle-tourisme.com/sejourner/hebergements/hotels/hotel-premiere-classe-la-rochelle-centre-les-minimes,,,,,,73789.0,11832.0,511.0,146.0,0,0,Very Easy,0,0.0,3.0,,7.0,1.0,0.0,0,71.0,48.0,0.0,23.0,18.0,0.0,,,,,d453bc63a51766d68153fb7cce4e3fb9,0,"Wed, 07 Feb 2024 16:10:11 GMT",,,,1.1,https://www.larochelle-tourisme.com/sejourner/hebergements/hotels/hotel-premiere-classe-la-rochelle-centre-les-minimes,2024-02-07 17:10:11,0.0,0.0,0.0,0.0,,Indexable,,0,0,0,0,0,0,0,0,0
66,hôtel première classe,7,https://www.booking.com/hotel/fr/premiere-classe.fr.html,0,,,35.0,,,0.0,0.0,0.0,0.0,63.0,59.0,20.0,text/html; charset=UTF-8,200.0,OK,Indexable,,"Hôtel Premiere Classe Pamiers, Pamiers – Tarifs 2024",52.0,489.0,,0.0,0.0,"L’Hôtel Premiere Classe Pamiers se situe dans l’Ariège, au sein du complexe commercial La Bouriette.",100.0,621.0,"Hôtel Premiere Classe Pamiers, Pamiers, France, R:Midi-Pyrénées, Hôtel, Hôtels",78.0,"Offres à l'établissement Hôtel Premiere Classe Pamiers (Hôtel), (France)",72.0,,0.0,Rechercher,10.0,Hôtel Premiere Classe Pamiers,29.0,"index,follow",,,https://www.booking.com/hotel/fr/premiere-classe.fr.html,,,,,,1222175.0,308199.0,2105.0,512.0,0,0,Fairly Easy,0,0.0,2.0,,36.0,1.0,0.0,0,111.0,68.0,0.0,3.0,3.0,0.0,,,,,9c81a41ca7e06d51a39c324d685cc61b,0,,,,,1.1,https://www.booking.com/hotel/fr/premiere-classe.fr.html,2024-02-07 17:10:07,0.0,0.0,0.0,0.0,,Indexable,,0,0,0,0,0,0,0,0,0
67,hôtel première classe,8,https://www.martigues-tourisme.com/hotel/hotel-premiere-classe.html,0,200.0,2024.0,50.0,34.0,,3.0,2.0,80.0,15.0,56.0,45.0,8.0,text/html; charset=utf-8,200.0,OK,Indexable,,Hôtel Première Classe - Hôtel Chambres à Martigues,50.0,473.0,,0.0,0.0,"L'hôtel se situe à 2 kilomètres du centre ville, vous prendrez plaisir à flâner dans ses rues pour découvrir les ponts et les canaux qui ont fait de Martigues La Venise Provençale.",180.0,1068.0,,0.0,Hôtel Première Classe,21.0,,0.0,Présentation,12.0,Tarifs,6.0,,,,https://www.martigues-tourisme.com/hotel/hotel-premiere-classe.html,,,,,,105410.0,21270.0,1107.0,270.0,0,0,Very Easy,0,0.0,1.0,,30.0,1.0,0.0,0,125.0,84.0,0.0,9.0,9.0,0.0,,,,,8585ae668a894b44416f590c2287ce,0,,,,,1.1,https://www.martigues-tourisme.com/hotel/hotel-premiere-classe.html,2024-02-07 17:10:07,0.0,0.0,0.0,0.0,,Indexable,,0,0,0,0,0,0,0,0,0
68,hôtel première classe,9,https://www.lehavre-etretat-tourisme.com/fr/fiche/le-havre/hotel-premiere-classe-le-havre-centre_TFOHOTNOR076V50SDXR/,0,200.0,240.0,58.0,32.0,,0.0,5.0,106.0,16.0,69.0,17.0,1.0,text/html; charset=UTF-8,200.0,OK,Indexable,,Hôtel Première Classe Le Havre Centre,37.0,351.0,,0.0,0.0,"Situé à 20 minutes à pied de la Gare SNCF Le Havre et à 3 kilomètres du centre-ville du Havre, votre hôtel Première Classe Le Havre Centre bénéficie d'une situa...",163.0,982.0,,0.0,Hôtel Première Classe Le Havre Centre,37.0,,0.0,,0.0,,0.0,"index, follow, max-image-preview:large, max-snippet:-1, max-video-preview:-1",,,,,,,,,236053.0,28462.0,439.0,99.0,0,0,Very Easy,0,0.0,4.0,,21.0,1.0,0.0,0,224.0,108.0,0.0,17.0,16.0,0.0,,,,,1a712dd8d6f922af10bd000112322392,0,,,,,1.1,https://www.lehavre-etretat-tourisme.com/fr/fiche/le-havre/hotel-premiere-classe-le-havre-centre_TFOHOTNOR076V50SDXR/,2024-02-07 17:10:13,0.0,0.0,0.0,0.0,,Indexable,,0,0,0,0,0,0,0,0,0
69,hôtel première classe,10,https://www.pagesjaunes.fr/pros/08088689,0,,,,,,0.0,0.0,0.0,0.0,37.0,,,text/html; charset=UTF-8,403.0,Forbidden,Non-Indexable,Client Error,,0.0,0.0,,0.0,0.0,,0.0,0.0,,0.0,,0.0,,0.0,,0.0,,0.0,,,,,,,,,,0.0,0.0,0.0,,0,0,,0,0.0,1.0,,0.0,0.0,0.0,0,0.0,0.0,0.0,0.0,0.0,0.0,,,,,,0,,,,,1.1,https://www.pagesjaunes.fr/pros/08088689,2024-02-07 17:10:07,,,,,,,,0,0,0,0,0,0,0,0,0
70,hôtel première classe,11,https://www.suresnes-tourisme.com/hotel-premiere-classe.html,1,200.0,406.0,48.0,11.0,,0.0,2.0,33.0,13.0,,39.0,3.0,text/html; charset=ISO-8859-15,200.0,OK,Indexable,,Hôtel Première Classe Paris Ouest Pont de Suresnes **,53.0,495.0,,0.0,0.0,"A proximit&eacute; de Paris Porte Maillot, et du quartier d&#039;affaire de La D&eacute;fense, l?H&ocirc;tel Premi&egrave;re Classe Paris Ouest Pont de Suresnes vous propose des chambres confortables, pratiques et toutes climatis&eacute;es. Vous &ecirc;tes trois ? L&#039;H&ocirc;tel vous sugg&eacute;rera de prendre une chambre avec un lit superpos&eacute; pour l&#039;accueil d&#039;une troisi&egrave;me personne, sans suppl&eacute;ment. Proche du centre ville de Suresnes, des sites touristiques de grande renomm&eacute;e.",525.0,2612.0,"Hôtel Première classe, paris pont de Suresnes, centre, Bois de Boulogne, Hippodrome de Longchamp, Porte Maillot, paris Suresnes centre, chambre pratique confortables, simple double triple, nuit touriste, agrément,  tarif abordable, hotel proche paris, hôt,",256.0,OT Suresnes,11.0,HÔTEL PREMIERE CLASSE PARIS OUEST PONT DE SURESNES **,53.0,Services et équipements,23.0,Tarifs,6.0,"follow,index,all",,,https://www.suresnes-tourisme.com/hotel-premiere-classe.html,,,,,,51331.0,11486.0,727.0,181.0,0,0,Easy,0,0.0,0.0,,1.0,1.0,0.0,0,79.0,39.0,0.0,16.0,11.0,0.0,,,,,efdb14471498ea57ba7a0ad78e995a06,0,,,,,1.1,https://www.suresnes-tourisme.com/hotel-premiere-classe.html,2024-02-07 17:10:10,0.0,0.0,0.0,0.0,,Indexable,,0,0,0,0,0,0,0,0,0
71,hôtel première classe,12,https://www.trivago.fr/fr/oar/h%C3%B4tel-premiere-classe-montereau-esmans-hotel?search=100-993207,1,,,50.0,1.0,,4.0,11.0,0.0,0.0,38.0,65.0,15.0,,,,,,,,,,,,,,,,,,,,,,,,,,,,,,,,,,,,,,0,0,,0,,,,,,,0,,,,,,,,,,,,0,,,,,,,,,,,,,,,0,0,0,0,0,0,0,0,0
72,hôtel première classe,13,https://www.tourisme-aveyron.com/fr/diffusio/hotels/hotel-premiere-classe-rodez_TFO17139019862,1,200.0,860.0,53.0,38.0,,0.0,9.0,84.0,16.0,55.0,0.0,0.0,text/html; charset=UTF-8,200.0,OK,Indexable,,"HOTEL PREMIERE CLASSE, Rodez | Hôtel | Tourisme Aveyron",55.0,540.0,,0.0,0.0,Le confort d'un hôtel à petit prix !,36.0,202.0,,0.0,HOTEL PREMIERE CLASSE,21.0,,0.0,Rodez,5.0,Capacités & Services,20.0,,,,https://www.tourisme-aveyron.com/fr/diffusio/hotels/hotel-premiere-classe-rodez_TFO17139019862,,,,,,102240.0,18784.0,568.0,145.0,0,0,Very Easy,0,0.0,3.0,,22.0,1.0,0.0,0,125.0,89.0,0.0,29.0,20.0,0.0,,,,,2ead79047ecddba4ad0675b28e2a7aac,0,,,,,1.1,https://www.tourisme-aveyron.com/fr/diffusio/hotels/hotel-premiere-classe-rodez_TFO17139019862,2024-02-07 17:10:13,0.0,0.0,0.0,0.0,,Indexable,,0,0,0,0,0,0,0,0,0
73,hôtel première classe,14,https://www.lilletourism.com/premiere-classe-lille-centre-reserver.html,1,200.0,1601.0,,,,4.0,2.0,49.0,8.0,38.0,20.0,3.0,text/html; charset=utf-8,200.0,OK,Non-Indexable,Canonicalised,PREMIÈRE CLASSE LILLE CENTRE  |  Lille - Office de Tourisme et des Congrès,74.0,679.0,,0.0,0.0,"Hôtel de 52 chambres (pour 1, 2 ou 3 personnes). L’hôtel Première Classe Lille-Centre est situé au cœur de Lille, à seulement 200 mètres de la gare et de la station de métro de Lille-Flandres.  La gare TGV de Lille-Europe se trouve à 800 mètres de l'établissement Première Classe Lille-Centre. Vous pourrez rejoindre la basilique Notre-Dame-de-la-Treille en moins de 10 min, ainsi que le Grand Palais/Zénith et le Casino Barrière. La proximité de ces 2 hauts lieux culturels vous permettra d'assister à de nombreux concerts, spectacles, salons et congrès professionnels ou touristiques. L’hôtel Première Classe Lille-Centre vous propose des chambres avec une connexion wifi gratuite et une télévision par satellite à écran plat. Chaque chambre de l'établissement Première Classe Lille-Centre possède également une salle de bains privative avec douche et WC.  5 étages sont desservis par un ascenseur, le 6e est accessible par un escalier. Une réception ouverte...",963.0,5829.0,,0.0,PREMIÈRE CLASSE LILLE CENTRE,28.0,,0.0,,0.0,,0.0,,,,http://www.lilletourism.com/hotel-lille/premiere-classe-lille-centre.html,,,,,,67914.0,14254.0,479.0,132.0,0,0,Very Easy,0,0.0,0.0,,25.0,1.0,0.0,0,104.0,52.0,0.0,4.0,3.0,0.0,,,,,bf8ff51ef61b564d24bf5596ebb8d2cd,0,,,,,1.1,https://www.lilletourism.com/premiere-classe-lille-centre-reserver.html,2024-02-07 17:10:12,0.0,0.0,0.0,0.0,,Non-Indexable,Canonicalised,0,0,0,0,0,0,0,0,0
74,hôtel première classe,15,https://www.epernay-tourisme.com/hebergement/hotel-premiere-classe-epernay/,1,200.0,108.0,35.0,6.0,,0.0,8.0,177.0,17.0,76.0,18.0,2.0,text/html; charset=UTF-8,200.0,OK,Indexable,,"Hôtel ""Première Classe Epernay"" - Epernay",41.0,376.0,Fermer,6.0,65.0,Notre hôtel est facilement accessible depuis l’autoroute et idéalement situé à 10 minutes à pied du centre-ville d’Epernay et de la gare. Il est également à proximité de la célèbre Avenue de Champagne où l’on peut visiter les prestigieuses Caves de Champagne. Accès handicapés Wi-fi - Climatisation - Animaux acceptés - Stationnement fermé,339.0,2079.0,,0.0,"Hôtel ""Première Classe Epernay""",31.0,,0.0,Déjà sur place ?,16.0,Pourquoi y aller ?,18.0,"index, follow, max-image-preview:large, max-snippet:-1, max-video-preview:-1",,,https://www.epernay-tourisme.com/hebergement/hotel-premiere-classe-epernay/,,,,,,210113.0,37968.0,1905.0,493.0,0,0,Easy,0,0.0,2.0,,8.0,1.0,0.0,0,290.0,182.0,0.0,29.0,26.0,0.0,,,,,e876ae3b92b000294f1e51b55c6ac2d5,0,"Wed, 07 Feb 2024 10:47:00 GMT",,,,1.1,https://www.epernay-tourisme.com/hebergement/hotel-premiere-classe-epernay/,2024-02-07 17:10:10,0.0,0.0,0.0,0.0,,Indexable,,0,0,0,0,0,0,0,0,0
75,hôtel première classe,16,https://www.tourisme-ouestvar.com/hotel-premiere-classe-la-seyne-sur-mer.html,1,200.0,1088.0,52.0,16.0,,1.0,10.0,76.0,18.0,69.0,26.0,4.0,text/html; charset=utf-8,200.0,OK,Indexable,,"Hôtel Première Classe : Hôtel 1 étoile La Seyne sur Mer, La Seyne Nord , Internet / Wifi, Animaux Admis, Climatisation",118.0,1047.0,,0.0,0.0,"Hôtel Première Classe  Hôtel rénové, nouvelle génération. A quelques minutes du centre de Toulon et de sa gare maritime, du centre de La Seyne sur Mer et tout près d'une zone commerciale, notre hôtel facilement accessible de l'A50 sortie 13. L'hôtel est situé tout près des grandes plages. Nos chambres rénovées sont climatisées, équipées de cabine de douche, wc privatif, écran plat avec réveil intégré, TNT. L'accès internet Wifi est gratuit. Petit déjeuner sous forme de buffet à volonté. Retrouvez-nous sur   3 km de la plage, 800 m des commerces, 10 m de l'arrêt de bus, ligne(s) de bus 83, arrêt Hôtels accès wifi, distributeur de boissons, distributeur de nourriture, micro-ondes",686.0,4136.0,,0.0,Hôtel Première Classe,21.0,,0.0,,0.0,,0.0,,,,https://www.tourisme-ouestvar.com/hotel-premiere-classe-la-seyne-sur-mer.html,,,,,,218323.0,36403.0,1463.0,743.0,0,0,Very Easy,0,0.0,0.0,,37.0,1.0,0.0,0,132.0,80.0,0.0,15.0,14.0,0.0,,,,,2cb8cda1bcea8dbf059e9d55c82110ea,0,,,,,1.1,https://www.tourisme-ouestvar.com/hotel-premiere-classe-la-seyne-sur-mer.html,2024-02-07 17:10:10,0.0,0.0,0.0,0.0,,Indexable,,0,0,0,0,0,0,0,0,0
76,hôtel première classe,17,https://www.clermontauvergnetourisme.com/fiches/hotel-premiere-classe-clermont-fd-centre/,1,200.0,91.0,54.0,20.0,,0.0,45.0,64.0,8.0,45.0,32.0,3.0,text/html; charset=UTF-8,200.0,OK,Indexable,,Hôtel Première Classe Clermont-Fd centre - Clermont Auvergne Tourism,68.0,647.0,,0.0,0.0,,0.0,0.0,,0.0,Hôtel Première Classe Clermont-Fd centre,40.0,,0.0,Horaires et périodes d’ouverture,32.0,Équipements et services,23.0,max-image-preview:large,,,https://www.clermontauvergnetourisme.com/fiches/hotel-premiere-classe-clermont-fd-centre/,,,,,,59941.0,13535.0,451.0,94.0,0,0,Very Easy,0,0.0,2.0,,13.0,1.0,0.0,0,115.0,78.0,0.0,8.0,8.0,0.0,,,,,bf0d3c392e9201d37deb8eff03db3adf,0,"Wed, 07 Feb 2024 14:37:13 GMT",,,,1.1,https://www.clermontauvergnetourisme.com/fiches/hotel-premiere-classe-clermont-fd-centre/,2024-02-07 17:10:12,0.0,0.0,0.0,0.0,,Indexable,,0,0,0,0,0,0,0,0,0
77,hôtel première classe,18,https://www.kayak.fr/Toulouse-Hotels-Hotel-Premiere-Classe-Toulouse-Nord---Sesquieres.420603.ksp,1,200.0,12.0,62.0,27.0,,10.0,8.0,38.0,64.0,60.0,144.0,47.0,text/html;charset=UTF-8,200.0,OK,Indexable,,Hôtel Première Classe Toulouse Nord - Sesquières à partir de 23 €. Hôtels à Toulouse - KAYAK,92.0,841.0,,0.0,0.0,Comparez les prix et trouvez la meilleure offre pour Hôtel Première Classe Toulouse Nord - Sesquières à Toulouse (Occitanie) sur KAYAK. Tarifs à partir de 21 €.,160.0,976.0,,0.0,Hôtel Première Classe Toulouse Nord - Sesquières,48.0,,0.0,Hôtel Première Classe Toulouse Nord - Sesquières - Présentation,63.0,Dernières offres pour Hôtel Première Classe Toulouse Nord - Sesquières,70.0,"index,follow",,,https://www.kayak.fr/Toulouse-Hotels-Hotel-Premiere-Classe-Toulouse-Nord---Sesquieres.420603.ksp,,,,,,1241682.0,177210.0,1793.0,407.0,0,0,Very Easy,0,0.0,0.0,,20.0,1.0,0.0,0,67.0,39.0,0.0,61.0,61.0,0.0,,,,,f7cc77fb11f44930e498be4973b8c725,0,,,,,1.1,https://www.kayak.fr/Toulouse-Hotels-Hotel-Premiere-Classe-Toulouse-Nord---Sesquieres.420603.ksp,2024-02-07 17:10:12,0.0,0.0,0.0,0.0,,Indexable,,0,0,0,0,0,0,0,0,0
78,hôtel première classe,19,https://www.tourisme-creuse.com/offres/hotel-premiere-classe-gueret-gueret-fr-1508445/,1,200.0,100.0,53.0,36.0,,0.0,12.0,83.0,8.0,56.0,15.0,2.0,text/html; charset=UTF-8,200.0,OK,Indexable,,"Hôtel Première Classe (Gueret, Guéret) | Tourisme Creuse Limousin",65.0,606.0,,0.0,0.0,"Facilement accessible par la sortie 48 de la N145, cet hôtel se situe à quelques minutes au nord du centre-ville de Guéret. Il constitue une étape idéale pour rayonner sur toute la région allant de Limoges à Montluçon, et de Châteauroux à Clermont-Ferrand.
Petit déjeuner buffet à volonté : pain, quatre-quart, compote, beurre, confitures, thé, café, pain grillé, céréales, lait, jus d'orange, yaourts, pains au lait.",417.0,2470.0,,0.0,Hôtel Première Classe,21.0,,0.0,,0.0,,0.0,"max-snippet:-1, max-image-preview:large, max-video-preview:-1",,,https://www.tourisme-creuse.com/offres/hotel-premiere-classe-gueret-gueret-fr-1508445/,,,,,,1299805.0,639929.0,393.0,128.0,0,0,Very Easy,0,0.0,2.0,,12.0,1.0,0.0,0,130.0,86.0,0.0,6.0,6.0,0.0,,,,,f3300cf4619d8717a0de0780f39d8a07,0,"Wed, 07 Feb 2024 16:44:02 GMT",,,,1.1,https://www.tourisme-creuse.com/offres/hotel-premiere-classe-gueret-gueret-fr-1508445/,2024-02-07 17:10:11,0.0,0.0,0.0,0.0,,Indexable,,0,0,0,0,0,0,0,0,0
79,hôtel première classe,20,https://www.anjou-tourisme.com/fr/diffusio/hotels/hotel-premiere-classe-saumur_TFOHOTHZS1CLASSE,1,200.0,727.0,43.0,4.0,,0.0,45.0,139.0,11.0,67.0,15.0,0.0,text/html; charset=UTF-8,200.0,OK,Indexable,,"HÔTEL PREMIÈRE CLASSE, SAUMUR | Anjou Tourisme",46.0,481.0,,0.0,0.0,"Les chambres disposent d’une salle d’eau privative avec WC, douche et lavabo. L’hôtel met à votre disposition 1 serviette de toilette par personne et shampoing gel douche dans chacune de ses chambres.    Elles sont toutes équipées d’une télévision à écran plat avec TNT et réveil intégré, ainsi que d'un accès wifi gratuit.    Au matin, ne partez pas à la découverte de la région le ventre vide, déguster un bon petit déjeuner sous forme de buffet à volonté à 6.20 € seulement ! Il est servi de 6h30 à 10h en semaine, et de 7h à 10h le week-end et les jours fériés.     Pour vos enfants de moins de 10 ans, le petit-déjeuner est à moitié prix. (Offre valable dans le cadre d’un séjour et dans la limite de 2 enfants par adulte consommant un petit-déjeuner).    L'hôtel dispose d'un local à vélo et de bornes de recharge pour votre véhicule.",840.0,4970.0,,0.0,HÔTEL PREMIÈRE CLASSE,21.0,,0.0,#Jaimelanjou,12.0,Qui sommes-nous ?,17.0,,,,,,,,,,115560.0,18245.0,532.0,128.0,0,0,Easy,0,0.0,3.0,,6.0,1.0,0.0,0,158.0,142.0,0.0,16.0,13.0,0.0,,,,,976befd5e1169b4db6e5ba25e4268977,0,"Wed, 07 Feb 2024 16:10:13 GMT",,,,1.1,https://www.anjou-tourisme.com/fr/diffusio/hotels/hotel-premiere-classe-saumur_TFOHOTHZS1CLASSE,2024-02-07 17:10:13,0.0,0.0,0.0,0.0,,Indexable,,0,0,0,0,0,0,0,0,0
